cutoff,sleep_mean,diff
50,11.2862,4.3335
50.01,11.2074,4.2547
50.02,11.2074,4.2547
50.03,11.2074,4.2547
50.04,11.2074,4.2547
50.05,11.2074,4.2547
50.06,11.2074,4.2547
50.07,11.2074,4.2547
50.08,11.2074,4.2547
50.09,11.2074,4.2547
50.1,11.2074,4.2547
50.11,11.2074,4.2547
50.12,11.2074,4.2547
50.13,11.2074,4.2547
50.14,11.2074,4.2547
50.15,11.2074,4.2547
50.16,11.2074,4.2547
50.17,11.2074,4.2547
50.18,11.2074,4.2547
50.19,11.2074,4.2547
50.2,11.2074,4.2547
50.21,11.2074,4.2547
50.22,11.2074,4.2547
50.23,11.2074,4.2547
50.24,11.2074,4.2547
50.25,11.2074,4.2547
50.26,11.2074,4.2547
50.27,11.2074,4.2547
50.28,11.2074,4.2547
50.29,11.2074,4.2547
50.3,11.2074,4.2547
50.31,11.2074,4.2547
50.32,11.2074,4.2547
50.33,11.2074,4.2547
50.34,11.2074,4.2547
50.35,11.2074,4.2547
50.36,11.2074,4.2547
50.37,11.2074,4.2547
50.38,11.2074,4.2547
50.39,11.2074,4.2547
50.4,11.2074,4.2547
50.41,11.2074,4.2547
50.42,11.2074,4.2547
50.43,11.2074,4.2547
50.44,11.2074,4.2547
50.45,11.2074,4.2547
50.46,11.2074,4.2547
50.47,11.2074,4.2547
50.48,11.2074,4.2547
50.49,11.2074,4.2547
50.5,11.2074,4.2547
50.51,11.2074,4.2547
50.52,11.2074,4.2547
50.53,11.2074,4.2547
50.54,11.2074,4.2547
50.55,11.2074,4.2547
50.56,11.2074,4.2547
50.57,11.2074,4.2547
50.58,11.2074,4.2547
50.59,11.2074,4.2547
50.6,11.2074,4.2547
50.61,11.2074,4.2547
50.62,11.2074,4.2547
50.63,11.2074,4.2547
50.64,11.2074,4.2547
50.65,11.2074,4.2547
50.66,11.2074,4.2547
50.67,11.2074,4.2547
50.68,11.2074,4.2547
50.69,11.2074,4.2547
50.7,11.2074,4.2547
50.71,11.2074,4.2547
50.72,11.2074,4.2547
50.73,11.2074,4.2547
50.74,11.2074,4.2547
50.75,11.2074,4.2547
50.76,11.2074,4.2547
50.77,11.2074,4.2547
50.78,11.2074,4.2547
50.79,11.2074,4.2547
50.8,11.2074,4.2547
50.81,11.2074,4.2547
50.82,11.2074,4.2547
50.83,11.2074,4.2547
50.84,11.1309,4.1782
50.85,11.1309,4.1782
50.86,11.1309,4.1782
50.87,11.1309,4.1782
50.88,11.1309,4.1782
50.89,11.1309,4.1782
50.9,11.1309,4.1782
50.91,11.1309,4.1782
50.92,11.1309,4.1782
50.93,11.1309,4.1782
50.94,11.1309,4.1782
50.95,11.1309,4.1782
50.96,11.1309,4.1782
50.97,11.1309,4.1782
50.98,11.1309,4.1782
50.99,11.1309,4.1782
51,11.1309,4.1782
51.01,11.1309,4.1782
51.02,11.1309,4.1782
51.03,11.1309,4.1782
51.04,11.1309,4.1782
51.05,11.1309,4.1782
51.06,11.1309,4.1782
51.07,11.1309,4.1782
51.08,11.1309,4.1782
51.09,11.1309,4.1782
51.1,11.1309,4.1782
51.11,11.1309,4.1782
51.12,11.1309,4.1782
51.13,11.1309,4.1782
51.14,11.1309,4.1782
51.15,11.1309,4.1782
51.16,11.1309,4.1782
51.17,11.1309,4.1782
51.18,11.1309,4.1782
51.19,11.1309,4.1782
51.2,11.1309,4.1782
51.21,11.1309,4.1782
51.22,11.1309,4.1782
51.23,11.1309,4.1782
51.24,11.1309,4.1782
51.25,11.1309,4.1782
51.26,11.1309,4.1782
51.27,11.1309,4.1782
51.28,11.1309,4.1782
51.29,11.1309,4.1782
51.3,11.1309,4.1782
51.31,11.1309,4.1782
51.32,11.1309,4.1782
51.33,11.1309,4.1782
51.34,11.1309,4.1782
51.35,11.1309,4.1782
51.36,11.1309,4.1782
51.37,11.1309,4.1782
51.38,11.1309,4.1782
51.39,11.1309,4.1782
51.4,11.1309,4.1782
51.41,11.1309,4.1782
51.42,11.1309,4.1782
51.43,11.1309,4.1782
51.44,11.1309,4.1782
51.45,11.1309,4.1782
51.46,11.1309,4.1782
51.47,11.1309,4.1782
51.48,11.1309,4.1782
51.49,11.1309,4.1782
51.5,11.1309,4.1782
51.51,11.1309,4.1782
51.52,11.1309,4.1782
51.53,11.1309,4.1782
51.54,11.1309,4.1782
51.55,11.1309,4.1782
51.56,11.1309,4.1782
51.57,11.1309,4.1782
51.58,11.1309,4.1782
51.59,11.1309,4.1782
51.6,11.1309,4.1782
51.61,11.1309,4.1782
51.62,11.1309,4.1782
51.63,11.1309,4.1782
51.64,11.1309,4.1782
51.65,11.1309,4.1782
51.66,11.1309,4.1782
51.67,11.0521,4.0994
51.68,11.0521,4.0994
51.69,11.0521,4.0994
51.7,11.0521,4.0994
51.71,11.0521,4.0994
51.72,11.0521,4.0994
51.73,11.0521,4.0994
51.74,11.0521,4.0994
51.75,11.0521,4.0994
51.76,11.0521,4.0994
51.77,11.0521,4.0994
51.78,11.0521,4.0994
51.79,11.0521,4.0994
51.8,11.0521,4.0994
51.81,11.0521,4.0994
51.82,11.0521,4.0994
51.83,11.0521,4.0994
51.84,11.0521,4.0994
51.85,11.0521,4.0994
51.86,11.0521,4.0994
51.87,11.0521,4.0994
51.88,11.0521,4.0994
51.89,11.0521,4.0994
51.9,11.0521,4.0994
51.91,11.0521,4.0994
51.92,11.0521,4.0994
51.93,11.0521,4.0994
51.94,11.0521,4.0994
51.95,11.0521,4.0994
51.96,11.0521,4.0994
51.97,11.0521,4.0994
51.98,11.0521,4.0994
51.99,11.0521,4.0994
52,11.0521,4.0994
52.01,11.0521,4.0994
52.02,11.0521,4.0994
52.03,11.0521,4.0994
52.04,11.0521,4.0994
52.05,11.0521,4.0994
52.06,11.0521,4.0994
52.07,11.0521,4.0994
52.08,11.0521,4.0994
52.09,11.0521,4.0994
52.1,11.0521,4.0994
52.11,11.0521,4.0994
52.12,11.0521,4.0994
52.13,11.0521,4.0994
52.14,11.0521,4.0994
52.15,11.0521,4.0994
52.16,11.0521,4.0994
52.17,11.0521,4.0994
52.18,11.0521,4.0994
52.19,11.0521,4.0994
52.2,11.0521,4.0994
52.21,11.0521,4.0994
52.22,11.0521,4.0994
52.23,11.0521,4.0994
52.24,11.0521,4.0994
52.25,11.0521,4.0994
52.26,11.0521,4.0994
52.27,11.0521,4.0994
52.28,11.0521,4.0994
52.29,11.0521,4.0994
52.3,11.0521,4.0994
52.31,11.0521,4.0994
52.32,11.0521,4.0994
52.33,11.0521,4.0994
52.34,11.0521,4.0994
52.35,11.0521,4.0994
52.36,11.0521,4.0994
52.37,11.0521,4.0994
52.38,11.0521,4.0994
52.39,11.0521,4.0994
52.4,11.0521,4.0994
52.41,11.0521,4.0994
52.42,11.0521,4.0994
52.43,11.0521,4.0994
52.44,11.0521,4.0994
52.45,11.0521,4.0994
52.46,11.0521,4.0994
52.47,11.0521,4.0994
52.48,11.0521,4.0994
52.49,11.0521,4.0994
52.5,11.0521,4.0994
52.51,10.9773,4.0246
52.52,10.9773,4.0246
52.53,10.9773,4.0246
52.54,10.9773,4.0246
52.55,10.9773,4.0246
52.56,10.9773,4.0246
52.57,10.9773,4.0246
52.58,10.9773,4.0246
52.59,10.9773,4.0246
52.6,10.9773,4.0246
52.61,10.9773,4.0246
52.62,10.9773,4.0246
52.63,10.9773,4.0246
52.64,10.9773,4.0246
52.65,10.9773,4.0246
52.66,10.9773,4.0246
52.67,10.9773,4.0246
52.68,10.9773,4.0246
52.69,10.9773,4.0246
52.7,10.9773,4.0246
52.71,10.9773,4.0246
52.72,10.9773,4.0246
52.73,10.9773,4.0246
52.74,10.9773,4.0246
52.75,10.9773,4.0246
52.76,10.9773,4.0246
52.77,10.9773,4.0246
52.78,10.9773,4.0246
52.79,10.9773,4.0246
52.8,10.9773,4.0246
52.81,10.9773,4.0246
52.82,10.9773,4.0246
52.83,10.9773,4.0246
52.84,10.9773,4.0246
52.85,10.9773,4.0246
52.86,10.9773,4.0246
52.87,10.9773,4.0246
52.88,10.9773,4.0246
52.89,10.9773,4.0246
52.9,10.9773,4.0246
52.91,10.9773,4.0246
52.92,10.9773,4.0246
52.93,10.9773,4.0246
52.94,10.9773,4.0246
52.95,10.9773,4.0246
52.96,10.9773,4.0246
52.97,10.9773,4.0246
52.98,10.9773,4.0246
52.99,10.9773,4.0246
53,10.9773,4.0246
53.01,10.9773,4.0246
53.02,10.9773,4.0246
53.03,10.9773,4.0246
53.04,10.9773,4.0246
53.05,10.9773,4.0246
53.06,10.9773,4.0246
53.07,10.9773,4.0246
53.08,10.9773,4.0246
53.09,10.9773,4.0246
53.1,10.9773,4.0246
53.11,10.9773,4.0246
53.12,10.9773,4.0246
53.13,10.9773,4.0246
53.14,10.9773,4.0246
53.15,10.9773,4.0246
53.16,10.9773,4.0246
53.17,10.9773,4.0246
53.18,10.9773,4.0246
53.19,10.9773,4.0246
53.2,10.9773,4.0246
53.21,10.9773,4.0246
53.22,10.9773,4.0246
53.23,10.9773,4.0246
53.24,10.9773,4.0246
53.25,10.9773,4.0246
53.26,10.9773,4.0246
53.27,10.9773,4.0246
53.28,10.9773,4.0246
53.29,10.9773,4.0246
53.3,10.9773,4.0246
53.31,10.9773,4.0246
53.32,10.9773,4.0246
53.33,10.9773,4.0246
53.34,10.901,3.9483
53.35,10.901,3.9483
53.36,10.901,3.9483
53.37,10.901,3.9483
53.38,10.901,3.9483
53.39,10.901,3.9483
53.4,10.901,3.9483
53.41,10.901,3.9483
53.42,10.901,3.9483
53.43,10.901,3.9483
53.44,10.901,3.9483
53.45,10.901,3.9483
53.46,10.901,3.9483
53.47,10.901,3.9483
53.48,10.901,3.9483
53.49,10.901,3.9483
53.5,10.901,3.9483
53.51,10.901,3.9483
53.52,10.901,3.9483
53.53,10.901,3.9483
53.54,10.901,3.9483
53.55,10.901,3.9483
53.56,10.901,3.9483
53.57,10.901,3.9483
53.58,10.901,3.9483
53.59,10.901,3.9483
53.6,10.901,3.9483
53.61,10.901,3.9483
53.62,10.901,3.9483
53.63,10.901,3.9483
53.64,10.901,3.9483
53.65,10.901,3.9483
53.66,10.901,3.9483
53.67,10.901,3.9483
53.68,10.901,3.9483
53.69,10.901,3.9483
53.7,10.901,3.9483
53.71,10.901,3.9483
53.72,10.901,3.9483
53.73,10.901,3.9483
53.74,10.901,3.9483
53.75,10.901,3.9483
53.76,10.901,3.9483
53.77,10.901,3.9483
53.78,10.901,3.9483
53.79,10.901,3.9483
53.8,10.901,3.9483
53.81,10.901,3.9483
53.82,10.901,3.9483
53.83,10.901,3.9483
53.84,10.901,3.9483
53.85,10.901,3.9483
53.86,10.901,3.9483
53.87,10.901,3.9483
53.88,10.901,3.9483
53.89,10.901,3.9483
53.9,10.901,3.9483
53.91,10.901,3.9483
53.92,10.901,3.9483
53.93,10.901,3.9483
53.94,10.901,3.9483
53.95,10.901,3.9483
53.96,10.901,3.9483
53.97,10.901,3.9483
53.98,10.901,3.9483
53.99,10.901,3.9483
54,10.901,3.9483
54.01,10.901,3.9483
54.02,10.901,3.9483
54.03,10.901,3.9483
54.04,10.901,3.9483
54.05,10.901,3.9483
54.06,10.901,3.9483
54.07,10.901,3.9483
54.08,10.901,3.9483
54.09,10.901,3.9483
54.1,10.901,3.9483
54.11,10.901,3.9483
54.12,10.901,3.9483
54.13,10.901,3.9483
54.14,10.901,3.9483
54.15,10.901,3.9483
54.16,10.901,3.9483
54.17,10.826,3.8733
54.18,10.826,3.8733
54.19,10.826,3.8733
54.2,10.826,3.8733
54.21,10.826,3.8733
54.22,10.826,3.8733
54.23,10.826,3.8733
54.24,10.826,3.8733
54.25,10.826,3.8733
54.26,10.826,3.8733
54.27,10.826,3.8733
54.28,10.826,3.8733
54.29,10.826,3.8733
54.3,10.826,3.8733
54.31,10.826,3.8733
54.32,10.826,3.8733
54.33,10.826,3.8733
54.34,10.826,3.8733
54.35,10.826,3.8733
54.36,10.826,3.8733
54.37,10.826,3.8733
54.38,10.826,3.8733
54.39,10.826,3.8733
54.4,10.826,3.8733
54.41,10.826,3.8733
54.42,10.826,3.8733
54.43,10.826,3.8733
54.44,10.826,3.8733
54.45,10.826,3.8733
54.46,10.826,3.8733
54.47,10.826,3.8733
54.48,10.826,3.8733
54.49,10.826,3.8733
54.5,10.826,3.8733
54.51,10.826,3.8733
54.52,10.826,3.8733
54.53,10.826,3.8733
54.54,10.826,3.8733
54.55,10.826,3.8733
54.56,10.826,3.8733
54.57,10.826,3.8733
54.58,10.826,3.8733
54.59,10.826,3.8733
54.6,10.826,3.8733
54.61,10.826,3.8733
54.62,10.826,3.8733
54.63,10.826,3.8733
54.64,10.826,3.8733
54.65,10.826,3.8733
54.66,10.826,3.8733
54.67,10.826,3.8733
54.68,10.826,3.8733
54.69,10.826,3.8733
54.7,10.826,3.8733
54.71,10.826,3.8733
54.72,10.826,3.8733
54.73,10.826,3.8733
54.74,10.826,3.8733
54.75,10.826,3.8733
54.76,10.826,3.8733
54.77,10.826,3.8733
54.78,10.826,3.8733
54.79,10.826,3.8733
54.8,10.826,3.8733
54.81,10.826,3.8733
54.82,10.826,3.8733
54.83,10.826,3.8733
54.84,10.826,3.8733
54.85,10.826,3.8733
54.86,10.826,3.8733
54.87,10.826,3.8733
54.88,10.826,3.8733
54.89,10.826,3.8733
54.9,10.826,3.8733
54.91,10.826,3.8733
54.92,10.826,3.8733
54.93,10.826,3.8733
54.94,10.826,3.8733
54.95,10.826,3.8733
54.96,10.826,3.8733
54.97,10.826,3.8733
54.98,10.826,3.8733
54.99,10.826,3.8733
55,10.826,3.8733
55.01,10.7523,3.7996
55.02,10.7523,3.7996
55.03,10.7523,3.7996
55.04,10.7523,3.7996
55.05,10.7523,3.7996
55.06,10.7523,3.7996
55.07,10.7523,3.7996
55.08,10.7523,3.7996
55.09,10.7523,3.7996
55.1,10.7523,3.7996
55.11,10.7523,3.7996
55.12,10.7523,3.7996
55.13,10.7523,3.7996
55.14,10.7523,3.7996
55.15,10.7523,3.7996
55.16,10.7523,3.7996
55.17,10.7523,3.7996
55.18,10.7523,3.7996
55.19,10.7523,3.7996
55.2,10.7523,3.7996
55.21,10.7523,3.7996
55.22,10.7523,3.7996
55.23,10.7523,3.7996
55.24,10.7523,3.7996
55.25,10.7523,3.7996
55.26,10.7523,3.7996
55.27,10.7523,3.7996
55.28,10.7523,3.7996
55.29,10.7523,3.7996
55.3,10.7523,3.7996
55.31,10.7523,3.7996
55.32,10.7523,3.7996
55.33,10.7523,3.7996
55.34,10.7523,3.7996
55.35,10.7523,3.7996
55.36,10.7523,3.7996
55.37,10.7523,3.7996
55.38,10.7523,3.7996
55.39,10.7523,3.7996
55.4,10.7523,3.7996
55.41,10.7523,3.7996
55.42,10.7523,3.7996
55.43,10.7523,3.7996
55.44,10.7523,3.7996
55.45,10.7523,3.7996
55.46,10.7523,3.7996
55.47,10.7523,3.7996
55.48,10.7523,3.7996
55.49,10.7523,3.7996
55.5,10.7523,3.7996
55.51,10.7523,3.7996
55.52,10.7523,3.7996
55.53,10.7523,3.7996
55.54,10.7523,3.7996
55.55,10.7523,3.7996
55.56,10.7523,3.7996
55.57,10.7523,3.7996
55.58,10.7523,3.7996
55.59,10.7523,3.7996
55.6,10.7523,3.7996
55.61,10.7523,3.7996
55.62,10.7523,3.7996
55.63,10.7523,3.7996
55.64,10.7523,3.7996
55.65,10.7523,3.7996
55.66,10.7523,3.7996
55.67,10.7523,3.7996
55.68,10.7523,3.7996
55.69,10.7523,3.7996
55.7,10.7523,3.7996
55.71,10.7523,3.7996
55.72,10.7523,3.7996
55.73,10.7523,3.7996
55.74,10.7523,3.7996
55.75,10.7523,3.7996
55.76,10.7523,3.7996
55.77,10.7523,3.7996
55.78,10.7523,3.7996
55.79,10.7523,3.7996
55.8,10.7523,3.7996
55.81,10.7523,3.7996
55.82,10.7523,3.7996
55.83,10.7523,3.7996
55.84,10.6845,3.7318
55.85,10.6845,3.7318
55.86,10.6845,3.7318
55.87,10.6845,3.7318
55.88,10.6845,3.7318
55.89,10.6845,3.7318
55.9,10.6845,3.7318
55.91,10.6845,3.7318
55.92,10.6845,3.7318
55.93,10.6845,3.7318
55.94,10.6845,3.7318
55.95,10.6845,3.7318
55.96,10.6845,3.7318
55.97,10.6845,3.7318
55.98,10.6845,3.7318
55.99,10.6845,3.7318
56,10.6845,3.7318
56.01,10.6845,3.7318
56.02,10.6845,3.7318
56.03,10.6845,3.7318
56.04,10.6845,3.7318
56.05,10.6845,3.7318
56.06,10.6845,3.7318
56.07,10.6845,3.7318
56.08,10.6845,3.7318
56.09,10.6845,3.7318
56.1,10.6845,3.7318
56.11,10.6845,3.7318
56.12,10.6845,3.7318
56.13,10.6845,3.7318
56.14,10.6845,3.7318
56.15,10.6845,3.7318
56.16,10.6845,3.7318
56.17,10.6845,3.7318
56.18,10.6845,3.7318
56.19,10.6845,3.7318
56.2,10.6845,3.7318
56.21,10.6845,3.7318
56.22,10.6845,3.7318
56.23,10.6845,3.7318
56.24,10.6845,3.7318
56.25,10.6845,3.7318
56.26,10.6845,3.7318
56.27,10.6845,3.7318
56.28,10.6845,3.7318
56.29,10.6845,3.7318
56.3,10.6845,3.7318
56.31,10.6845,3.7318
56.32,10.6845,3.7318
56.33,10.6845,3.7318
56.34,10.6845,3.7318
56.35,10.6845,3.7318
56.36,10.6845,3.7318
56.37,10.6845,3.7318
56.38,10.6845,3.7318
56.39,10.6845,3.7318
56.4,10.6845,3.7318
56.41,10.6845,3.7318
56.42,10.6845,3.7318
56.43,10.6845,3.7318
56.44,10.6845,3.7318
56.45,10.6845,3.7318
56.46,10.6845,3.7318
56.47,10.6845,3.7318
56.48,10.6845,3.7318
56.49,10.6845,3.7318
56.5,10.6845,3.7318
56.51,10.6845,3.7318
56.52,10.6845,3.7318
56.53,10.6845,3.7318
56.54,10.6845,3.7318
56.55,10.6845,3.7318
56.56,10.6845,3.7318
56.57,10.6845,3.7318
56.58,10.6845,3.7318
56.59,10.6845,3.7318
56.6,10.6845,3.7318
56.61,10.6845,3.7318
56.62,10.6845,3.7318
56.63,10.6845,3.7318
56.64,10.6845,3.7318
56.65,10.6845,3.7318
56.66,10.6845,3.7318
56.67,10.6123,3.6596
56.68,10.6123,3.6596
56.69,10.6123,3.6596
56.7,10.6123,3.6596
56.71,10.6123,3.6596
56.72,10.6123,3.6596
56.73,10.6123,3.6596
56.74,10.6123,3.6596
56.75,10.6123,3.6596
56.76,10.6123,3.6596
56.77,10.6123,3.6596
56.78,10.6123,3.6596
56.79,10.6123,3.6596
56.8,10.6123,3.6596
56.81,10.6123,3.6596
56.82,10.6123,3.6596
56.83,10.6123,3.6596
56.84,10.6123,3.6596
56.85,10.6123,3.6596
56.86,10.6123,3.6596
56.87,10.6123,3.6596
56.88,10.6123,3.6596
56.89,10.6123,3.6596
56.9,10.6123,3.6596
56.91,10.6123,3.6596
56.92,10.6123,3.6596
56.93,10.6123,3.6596
56.94,10.6123,3.6596
56.95,10.6123,3.6596
56.96,10.6123,3.6596
56.97,10.6123,3.6596
56.98,10.6123,3.6596
56.99,10.6123,3.6596
57,10.6123,3.6596
57.01,10.6123,3.6596
57.02,10.6123,3.6596
57.03,10.6123,3.6596
57.04,10.6123,3.6596
57.05,10.6123,3.6596
57.06,10.6123,3.6596
57.07,10.6123,3.6596
57.08,10.6123,3.6596
57.09,10.6123,3.6596
57.1,10.6123,3.6596
57.11,10.6123,3.6596
57.12,10.6123,3.6596
57.13,10.6123,3.6596
57.14,10.6123,3.6596
57.15,10.6123,3.6596
57.16,10.6123,3.6596
57.17,10.6123,3.6596
57.18,10.6123,3.6596
57.19,10.6123,3.6596
57.2,10.6123,3.6596
57.21,10.6123,3.6596
57.22,10.6123,3.6596
57.23,10.6123,3.6596
57.24,10.6123,3.6596
57.25,10.6123,3.6596
57.26,10.6123,3.6596
57.27,10.6123,3.6596
57.28,10.6123,3.6596
57.29,10.6123,3.6596
57.3,10.6123,3.6596
57.31,10.6123,3.6596
57.32,10.6123,3.6596
57.33,10.6123,3.6596
57.34,10.6123,3.6596
57.35,10.6123,3.6596
57.36,10.6123,3.6596
57.37,10.6123,3.6596
57.38,10.6123,3.6596
57.39,10.6123,3.6596
57.4,10.6123,3.6596
57.41,10.6123,3.6596
57.42,10.6123,3.6596
57.43,10.6123,3.6596
57.44,10.6123,3.6596
57.45,10.6123,3.6596
57.46,10.6123,3.6596
57.47,10.6123,3.6596
57.48,10.6123,3.6596
57.49,10.6123,3.6596
57.5,10.6123,3.6596
57.51,10.5428,3.5901
57.52,10.5428,3.5901
57.53,10.5428,3.5901
57.54,10.5428,3.5901
57.55,10.5428,3.5901
57.56,10.5428,3.5901
57.57,10.5428,3.5901
57.58,10.5428,3.5901
57.59,10.5428,3.5901
57.6,10.5428,3.5901
57.61,10.5428,3.5901
57.62,10.5428,3.5901
57.63,10.5428,3.5901
57.64,10.5428,3.5901
57.65,10.5428,3.5901
57.66,10.5428,3.5901
57.67,10.5428,3.5901
57.68,10.5428,3.5901
57.69,10.5428,3.5901
57.7,10.5428,3.5901
57.71,10.5428,3.5901
57.72,10.5428,3.5901
57.73,10.5428,3.5901
57.74,10.5428,3.5901
57.75,10.5428,3.5901
57.76,10.5428,3.5901
57.77,10.5428,3.5901
57.78,10.5428,3.5901
57.79,10.5428,3.5901
57.8,10.5428,3.5901
57.81,10.5428,3.5901
57.82,10.5428,3.5901
57.83,10.5428,3.5901
57.84,10.5428,3.5901
57.85,10.5428,3.5901
57.86,10.5428,3.5901
57.87,10.5428,3.5901
57.88,10.5428,3.5901
57.89,10.5428,3.5901
57.9,10.5428,3.5901
57.91,10.5428,3.5901
57.92,10.5428,3.5901
57.93,10.5428,3.5901
57.94,10.5428,3.5901
57.95,10.5428,3.5901
57.96,10.5428,3.5901
57.97,10.5428,3.5901
57.98,10.5428,3.5901
57.99,10.5428,3.5901
58,10.5428,3.5901
58.01,10.5428,3.5901
58.02,10.5428,3.5901
58.03,10.5428,3.5901
58.04,10.5428,3.5901
58.05,10.5428,3.5901
58.06,10.5428,3.5901
58.07,10.5428,3.5901
58.08,10.5428,3.5901
58.09,10.5428,3.5901
58.1,10.5428,3.5901
58.11,10.5428,3.5901
58.12,10.5428,3.5901
58.13,10.5428,3.5901
58.14,10.5428,3.5901
58.15,10.5428,3.5901
58.16,10.5428,3.5901
58.17,10.5428,3.5901
58.18,10.5428,3.5901
58.19,10.5428,3.5901
58.2,10.5428,3.5901
58.21,10.5428,3.5901
58.22,10.5428,3.5901
58.23,10.5428,3.5901
58.24,10.5428,3.5901
58.25,10.5428,3.5901
58.26,10.5428,3.5901
58.27,10.5428,3.5901
58.28,10.5428,3.5901
58.29,10.5428,3.5901
58.3,10.5428,3.5901
58.31,10.5428,3.5901
58.32,10.5428,3.5901
58.33,10.5428,3.5901
58.34,10.4734,3.5207
58.35,10.4734,3.5207
58.36,10.4734,3.5207
58.37,10.4734,3.5207
58.38,10.4734,3.5207
58.39,10.4734,3.5207
58.4,10.4734,3.5207
58.41,10.4734,3.5207
58.42,10.4734,3.5207
58.43,10.4734,3.5207
58.44,10.4734,3.5207
58.45,10.4734,3.5207
58.46,10.4734,3.5207
58.47,10.4734,3.5207
58.48,10.4734,3.5207
58.49,10.4734,3.5207
58.5,10.4734,3.5207
58.51,10.4734,3.5207
58.52,10.4734,3.5207
58.53,10.4734,3.5207
58.54,10.4734,3.5207
58.55,10.4734,3.5207
58.56,10.4734,3.5207
58.57,10.4734,3.5207
58.58,10.4734,3.5207
58.59,10.4734,3.5207
58.6,10.4734,3.5207
58.61,10.4734,3.5207
58.62,10.4734,3.5207
58.63,10.4734,3.5207
58.64,10.4734,3.5207
58.65,10.4734,3.5207
58.66,10.4734,3.5207
58.67,10.4734,3.5207
58.68,10.4734,3.5207
58.69,10.4734,3.5207
58.7,10.4734,3.5207
58.71,10.4734,3.5207
58.72,10.4734,3.5207
58.73,10.4734,3.5207
58.74,10.4734,3.5207
58.75,10.4734,3.5207
58.76,10.4734,3.5207
58.77,10.4734,3.5207
58.78,10.4734,3.5207
58.79,10.4734,3.5207
58.8,10.4734,3.5207
58.81,10.4734,3.5207
58.82,10.4734,3.5207
58.83,10.4734,3.5207
58.84,10.4734,3.5207
58.85,10.4734,3.5207
58.86,10.4734,3.5207
58.87,10.4734,3.5207
58.88,10.4734,3.5207
58.89,10.4734,3.5207
58.9,10.4734,3.5207
58.91,10.4734,3.5207
58.92,10.4734,3.5207
58.93,10.4734,3.5207
58.94,10.4734,3.5207
58.95,10.4734,3.5207
58.96,10.4734,3.5207
58.97,10.4734,3.5207
58.98,10.4734,3.5207
58.99,10.4734,3.5207
59,10.4734,3.5207
59.01,10.4734,3.5207
59.02,10.4734,3.5207
59.03,10.4734,3.5207
59.04,10.4734,3.5207
59.05,10.4734,3.5207
59.06,10.4734,3.5207
59.07,10.4734,3.5207
59.08,10.4734,3.5207
59.09,10.4734,3.5207
59.1,10.4734,3.5207
59.11,10.4734,3.5207
59.12,10.4734,3.5207
59.13,10.4734,3.5207
59.14,10.4734,3.5207
59.15,10.4734,3.5207
59.16,10.4734,3.5207
59.17,10.4054,3.4527
59.18,10.4054,3.4527
59.19,10.4054,3.4527
59.2,10.4054,3.4527
59.21,10.4054,3.4527
59.22,10.4054,3.4527
59.23,10.4054,3.4527
59.24,10.4054,3.4527
59.25,10.4054,3.4527
59.26,10.4054,3.4527
59.27,10.4054,3.4527
59.28,10.4054,3.4527
59.29,10.4054,3.4527
59.3,10.4054,3.4527
59.31,10.4054,3.4527
59.32,10.4054,3.4527
59.33,10.4054,3.4527
59.34,10.4054,3.4527
59.35,10.4054,3.4527
59.36,10.4054,3.4527
59.37,10.4054,3.4527
59.38,10.4054,3.4527
59.39,10.4054,3.4527
59.4,10.4054,3.4527
59.41,10.4054,3.4527
59.42,10.4054,3.4527
59.43,10.4054,3.4527
59.44,10.4054,3.4527
59.45,10.4054,3.4527
59.46,10.4054,3.4527
59.47,10.4054,3.4527
59.48,10.4054,3.4527
59.49,10.4054,3.4527
59.5,10.4054,3.4527
59.51,10.4054,3.4527
59.52,10.4054,3.4527
59.53,10.4054,3.4527
59.54,10.4054,3.4527
59.55,10.4054,3.4527
59.56,10.4054,3.4527
59.57,10.4054,3.4527
59.58,10.4054,3.4527
59.59,10.4054,3.4527
59.6,10.4054,3.4527
59.61,10.4054,3.4527
59.62,10.4054,3.4527
59.63,10.4054,3.4527
59.64,10.4054,3.4527
59.65,10.4054,3.4527
59.66,10.4054,3.4527
59.67,10.4054,3.4527
59.68,10.4054,3.4527
59.69,10.4054,3.4527
59.7,10.4054,3.4527
59.71,10.4054,3.4527
59.72,10.4054,3.4527
59.73,10.4054,3.4527
59.74,10.4054,3.4527
59.75,10.4054,3.4527
59.76,10.4054,3.4527
59.77,10.4054,3.4527
59.78,10.4054,3.4527
59.79,10.4054,3.4527
59.8,10.4054,3.4527
59.81,10.4054,3.4527
59.82,10.4054,3.4527
59.83,10.4054,3.4527
59.84,10.4054,3.4527
59.85,10.4054,3.4527
59.86,10.4054,3.4527
59.87,10.4054,3.4527
59.88,10.4054,3.4527
59.89,10.4054,3.4527
59.9,10.4054,3.4527
59.91,10.4054,3.4527
59.92,10.4054,3.4527
59.93,10.4054,3.4527
59.94,10.4054,3.4527
59.95,10.4054,3.4527
59.96,10.4054,3.4527
59.97,10.4054,3.4527
59.98,10.4054,3.4527
59.99,10.4054,3.4527
60,10.4054,3.4527
60.01,10.3393,3.3866
60.02,10.3393,3.3866
60.03,10.3393,3.3866
60.04,10.3393,3.3866
60.05,10.3393,3.3866
60.06,10.3393,3.3866
60.07,10.3393,3.3866
60.08,10.3393,3.3866
60.09,10.3393,3.3866
60.1,10.3393,3.3866
60.11,10.3393,3.3866
60.12,10.3393,3.3866
60.13,10.3393,3.3866
60.14,10.3393,3.3866
60.15,10.3393,3.3866
60.16,10.3393,3.3866
60.17,10.3393,3.3866
60.18,10.3393,3.3866
60.19,10.3393,3.3866
60.2,10.3393,3.3866
60.21,10.3393,3.3866
60.22,10.3393,3.3866
60.23,10.3393,3.3866
60.24,10.3393,3.3866
60.25,10.3393,3.3866
60.26,10.3393,3.3866
60.27,10.3393,3.3866
60.28,10.3393,3.3866
60.29,10.3393,3.3866
60.3,10.3393,3.3866
60.31,10.3393,3.3866
60.32,10.3393,3.3866
60.33,10.3393,3.3866
60.34,10.3393,3.3866
60.35,10.3393,3.3866
60.36,10.3393,3.3866
60.37,10.3393,3.3866
60.38,10.3393,3.3866
60.39,10.3393,3.3866
60.4,10.3393,3.3866
60.41,10.3393,3.3866
60.42,10.3393,3.3866
60.43,10.3393,3.3866
60.44,10.3393,3.3866
60.45,10.3393,3.3866
60.46,10.3393,3.3866
60.47,10.3393,3.3866
60.48,10.3393,3.3866
60.49,10.3393,3.3866
60.5,10.3393,3.3866
60.51,10.3393,3.3866
60.52,10.3393,3.3866
60.53,10.3393,3.3866
60.54,10.3393,3.3866
60.55,10.3393,3.3866
60.56,10.3393,3.3866
60.57,10.3393,3.3866
60.58,10.3393,3.3866
60.59,10.3393,3.3866
60.6,10.3393,3.3866
60.61,10.3393,3.3866
60.62,10.3393,3.3866
60.63,10.3393,3.3866
60.64,10.3393,3.3866
60.65,10.3393,3.3866
60.66,10.3393,3.3866
60.67,10.3393,3.3866
60.68,10.3393,3.3866
60.69,10.3393,3.3866
60.7,10.3393,3.3866
60.71,10.3393,3.3866
60.72,10.3393,3.3866
60.73,10.3393,3.3866
60.74,10.3393,3.3866
60.75,10.3393,3.3866
60.76,10.3393,3.3866
60.77,10.3393,3.3866
60.78,10.3393,3.3866
60.79,10.3393,3.3866
60.8,10.3393,3.3866
60.81,10.3393,3.3866
60.82,10.3393,3.3866
60.83,10.3393,3.3866
60.84,10.2718,3.3191
60.85,10.2718,3.3191
60.86,10.2718,3.3191
60.87,10.2718,3.3191
60.88,10.2718,3.3191
60.89,10.2718,3.3191
60.9,10.2718,3.3191
60.91,10.2718,3.3191
60.92,10.2718,3.3191
60.93,10.2718,3.3191
60.94,10.2718,3.3191
60.95,10.2718,3.3191
60.96,10.2718,3.3191
60.97,10.2718,3.3191
60.98,10.2718,3.3191
60.99,10.2718,3.3191
61,10.2718,3.3191
61.01,10.2718,3.3191
61.02,10.2718,3.3191
61.03,10.2718,3.3191
61.04,10.2718,3.3191
61.05,10.2718,3.3191
61.06,10.2718,3.3191
61.07,10.2718,3.3191
61.08,10.2718,3.3191
61.09,10.2718,3.3191
61.1,10.2718,3.3191
61.11,10.2718,3.3191
61.12,10.2718,3.3191
61.13,10.2718,3.3191
61.14,10.2718,3.3191
61.15,10.2718,3.3191
61.16,10.2718,3.3191
61.17,10.2718,3.3191
61.18,10.2718,3.3191
61.19,10.2718,3.3191
61.2,10.2718,3.3191
61.21,10.2718,3.3191
61.22,10.2718,3.3191
61.23,10.2718,3.3191
61.24,10.2718,3.3191
61.25,10.2718,3.3191
61.26,10.2718,3.3191
61.27,10.2718,3.3191
61.28,10.2718,3.3191
61.29,10.2718,3.3191
61.3,10.2718,3.3191
61.31,10.2718,3.3191
61.32,10.2718,3.3191
61.33,10.2718,3.3191
61.34,10.2718,3.3191
61.35,10.2718,3.3191
61.36,10.2718,3.3191
61.37,10.2718,3.3191
61.38,10.2718,3.3191
61.39,10.2718,3.3191
61.4,10.2718,3.3191
61.41,10.2718,3.3191
61.42,10.2718,3.3191
61.43,10.2718,3.3191
61.44,10.2718,3.3191
61.45,10.2718,3.3191
61.46,10.2718,3.3191
61.47,10.2718,3.3191
61.48,10.2718,3.3191
61.49,10.2718,3.3191
61.5,10.2718,3.3191
61.51,10.2718,3.3191
61.52,10.2718,3.3191
61.53,10.2718,3.3191
61.54,10.2718,3.3191
61.55,10.2718,3.3191
61.56,10.2718,3.3191
61.57,10.2718,3.3191
61.58,10.2718,3.3191
61.59,10.2718,3.3191
61.6,10.2718,3.3191
61.61,10.2718,3.3191
61.62,10.2718,3.3191
61.63,10.2718,3.3191
61.64,10.2718,3.3191
61.65,10.2718,3.3191
61.66,10.2718,3.3191
61.67,10.2061,3.2534
61.68,10.2061,3.2534
61.69,10.2061,3.2534
61.7,10.2061,3.2534
61.71,10.2061,3.2534
61.72,10.2061,3.2534
61.73,10.2061,3.2534
61.74,10.2061,3.2534
61.75,10.2061,3.2534
61.76,10.2061,3.2534
61.77,10.2061,3.2534
61.78,10.2061,3.2534
61.79,10.2061,3.2534
61.8,10.2061,3.2534
61.81,10.2061,3.2534
61.82,10.2061,3.2534
61.83,10.2061,3.2534
61.84,10.2061,3.2534
61.85,10.2061,3.2534
61.86,10.2061,3.2534
61.87,10.2061,3.2534
61.88,10.2061,3.2534
61.89,10.2061,3.2534
61.9,10.2061,3.2534
61.91,10.2061,3.2534
61.92,10.2061,3.2534
61.93,10.2061,3.2534
61.94,10.2061,3.2534
61.95,10.2061,3.2534
61.96,10.2061,3.2534
61.97,10.2061,3.2534
61.98,10.2061,3.2534
61.99,10.2061,3.2534
62,10.2061,3.2534
62.01,10.2061,3.2534
62.02,10.2061,3.2534
62.03,10.2061,3.2534
62.04,10.2061,3.2534
62.05,10.2061,3.2534
62.06,10.2061,3.2534
62.07,10.2061,3.2534
62.08,10.2061,3.2534
62.09,10.2061,3.2534
62.1,10.2061,3.2534
62.11,10.2061,3.2534
62.12,10.2061,3.2534
62.13,10.2061,3.2534
62.14,10.2061,3.2534
62.15,10.2061,3.2534
62.16,10.2061,3.2534
62.17,10.2061,3.2534
62.18,10.2061,3.2534
62.19,10.2061,3.2534
62.2,10.2061,3.2534
62.21,10.2061,3.2534
62.22,10.2061,3.2534
62.23,10.2061,3.2534
62.24,10.2061,3.2534
62.25,10.2061,3.2534
62.26,10.2061,3.2534
62.27,10.2061,3.2534
62.28,10.2061,3.2534
62.29,10.2061,3.2534
62.3,10.2061,3.2534
62.31,10.2061,3.2534
62.32,10.2061,3.2534
62.33,10.2061,3.2534
62.34,10.2061,3.2534
62.35,10.2061,3.2534
62.36,10.2061,3.2534
62.37,10.2061,3.2534
62.38,10.2061,3.2534
62.39,10.2061,3.2534
62.4,10.2061,3.2534
62.41,10.2061,3.2534
62.42,10.2061,3.2534
62.43,10.2061,3.2534
62.44,10.2061,3.2534
62.45,10.2061,3.2534
62.46,10.2061,3.2534
62.47,10.2061,3.2534
62.48,10.2061,3.2534
62.49,10.2061,3.2534
62.5,10.2061,3.2534
62.51,10.1408,3.1881
62.52,10.1408,3.1881
62.53,10.1408,3.1881
62.54,10.1408,3.1881
62.55,10.1408,3.1881
62.56,10.1408,3.1881
62.57,10.1408,3.1881
62.58,10.1408,3.1881
62.59,10.1408,3.1881
62.6,10.1408,3.1881
62.61,10.1408,3.1881
62.62,10.1408,3.1881
62.63,10.1408,3.1881
62.64,10.1408,3.1881
62.65,10.1408,3.1881
62.66,10.1408,3.1881
62.67,10.1408,3.1881
62.68,10.1408,3.1881
62.69,10.1408,3.1881
62.7,10.1408,3.1881
62.71,10.1408,3.1881
62.72,10.1408,3.1881
62.73,10.1408,3.1881
62.74,10.1408,3.1881
62.75,10.1408,3.1881
62.76,10.1408,3.1881
62.77,10.1408,3.1881
62.78,10.1408,3.1881
62.79,10.1408,3.1881
62.8,10.1408,3.1881
62.81,10.1408,3.1881
62.82,10.1408,3.1881
62.83,10.1408,3.1881
62.84,10.1408,3.1881
62.85,10.1408,3.1881
62.86,10.1408,3.1881
62.87,10.1408,3.1881
62.88,10.1408,3.1881
62.89,10.1408,3.1881
62.9,10.1408,3.1881
62.91,10.1408,3.1881
62.92,10.1408,3.1881
62.93,10.1408,3.1881
62.94,10.1408,3.1881
62.95,10.1408,3.1881
62.96,10.1408,3.1881
62.97,10.1408,3.1881
62.98,10.1408,3.1881
62.99,10.1408,3.1881
63,10.1408,3.1881
63.01,10.1408,3.1881
63.02,10.1408,3.1881
63.03,10.1408,3.1881
63.04,10.1408,3.1881
63.05,10.1408,3.1881
63.06,10.1408,3.1881
63.07,10.1408,3.1881
63.08,10.1408,3.1881
63.09,10.1408,3.1881
63.1,10.1408,3.1881
63.11,10.1408,3.1881
63.12,10.1408,3.1881
63.13,10.1408,3.1881
63.14,10.1408,3.1881
63.15,10.1408,3.1881
63.16,10.1408,3.1881
63.17,10.1408,3.1881
63.18,10.1408,3.1881
63.19,10.1408,3.1881
63.2,10.1408,3.1881
63.21,10.1408,3.1881
63.22,10.1408,3.1881
63.23,10.1408,3.1881
63.24,10.1408,3.1881
63.25,10.1408,3.1881
63.26,10.1408,3.1881
63.27,10.1408,3.1881
63.28,10.1408,3.1881
63.29,10.1408,3.1881
63.3,10.1408,3.1881
63.31,10.1408,3.1881
63.32,10.1408,3.1881
63.33,10.1408,3.1881
63.34,10.0755,3.1228
63.35,10.0755,3.1228
63.36,10.0755,3.1228
63.37,10.0755,3.1228
63.38,10.0755,3.1228
63.39,10.0755,3.1228
63.4,10.0755,3.1228
63.41,10.0755,3.1228
63.42,10.0755,3.1228
63.43,10.0755,3.1228
63.44,10.0755,3.1228
63.45,10.0755,3.1228
63.46,10.0755,3.1228
63.47,10.0755,3.1228
63.48,10.0755,3.1228
63.49,10.0755,3.1228
63.5,10.0755,3.1228
63.51,10.0755,3.1228
63.52,10.0755,3.1228
63.53,10.0755,3.1228
63.54,10.0755,3.1228
63.55,10.0755,3.1228
63.56,10.0755,3.1228
63.57,10.0755,3.1228
63.58,10.0755,3.1228
63.59,10.0755,3.1228
63.6,10.0755,3.1228
63.61,10.0755,3.1228
63.62,10.0755,3.1228
63.63,10.0755,3.1228
63.64,10.0755,3.1228
63.65,10.0755,3.1228
63.66,10.0755,3.1228
63.67,10.0755,3.1228
63.68,10.0755,3.1228
63.69,10.0755,3.1228
63.7,10.0755,3.1228
63.71,10.0755,3.1228
63.72,10.0755,3.1228
63.73,10.0755,3.1228
63.74,10.0755,3.1228
63.75,10.0755,3.1228
63.76,10.0755,3.1228
63.77,10.0755,3.1228
63.78,10.0755,3.1228
63.79,10.0755,3.1228
63.8,10.0755,3.1228
63.81,10.0755,3.1228
63.82,10.0755,3.1228
63.83,10.0755,3.1228
63.84,10.0755,3.1228
63.85,10.0755,3.1228
63.86,10.0755,3.1228
63.87,10.0755,3.1228
63.88,10.0755,3.1228
63.89,10.0755,3.1228
63.9,10.0755,3.1228
63.91,10.0755,3.1228
63.92,10.0755,3.1228
63.93,10.0755,3.1228
63.94,10.0755,3.1228
63.95,10.0755,3.1228
63.96,10.0755,3.1228
63.97,10.0755,3.1228
63.98,10.0755,3.1228
63.99,10.0755,3.1228
64,10.0755,3.1228
64.01,10.0755,3.1228
64.02,10.0755,3.1228
64.03,10.0755,3.1228
64.04,10.0755,3.1228
64.05,10.0755,3.1228
64.06,10.0755,3.1228
64.07,10.0755,3.1228
64.08,10.0755,3.1228
64.09,10.0755,3.1228
64.1,10.0755,3.1228
64.11,10.0755,3.1228
64.12,10.0755,3.1228
64.13,10.0755,3.1228
64.14,10.0755,3.1228
64.15,10.0755,3.1228
64.16,10.0755,3.1228
64.17,10.0119,3.0592
64.18,10.0119,3.0592
64.19,10.0119,3.0592
64.2,10.0119,3.0592
64.21,10.0119,3.0592
64.22,10.0119,3.0592
64.23,10.0119,3.0592
64.24,10.0119,3.0592
64.25,10.0119,3.0592
64.26,10.0119,3.0592
64.27,10.0119,3.0592
64.28,10.0119,3.0592
64.29,10.0119,3.0592
64.3,10.0119,3.0592
64.31,10.0119,3.0592
64.32,10.0119,3.0592
64.33,10.0119,3.0592
64.34,10.0119,3.0592
64.35,10.0119,3.0592
64.36,10.0119,3.0592
64.37,10.0119,3.0592
64.38,10.0119,3.0592
64.39,10.0119,3.0592
64.4,10.0119,3.0592
64.41,10.0119,3.0592
64.42,10.0119,3.0592
64.43,10.0119,3.0592
64.44,10.0119,3.0592
64.45,10.0119,3.0592
64.46,10.0119,3.0592
64.47,10.0119,3.0592
64.48,10.0119,3.0592
64.49,10.0119,3.0592
64.5,10.0119,3.0592
64.51,10.0119,3.0592
64.52,10.0119,3.0592
64.53,10.0119,3.0592
64.54,10.0119,3.0592
64.55,10.0119,3.0592
64.56,10.0119,3.0592
64.57,10.0119,3.0592
64.58,10.0119,3.0592
64.59,10.0119,3.0592
64.6,10.0119,3.0592
64.61,10.0119,3.0592
64.62,10.0119,3.0592
64.63,10.0119,3.0592
64.64,10.0119,3.0592
64.65,10.0119,3.0592
64.66,10.0119,3.0592
64.67,10.0119,3.0592
64.68,10.0119,3.0592
64.69,10.0119,3.0592
64.7,10.0119,3.0592
64.71,10.0119,3.0592
64.72,10.0119,3.0592
64.73,10.0119,3.0592
64.74,10.0119,3.0592
64.75,10.0119,3.0592
64.76,10.0119,3.0592
64.77,10.0119,3.0592
64.78,10.0119,3.0592
64.79,10.0119,3.0592
64.8,10.0119,3.0592
64.81,10.0119,3.0592
64.82,10.0119,3.0592
64.83,10.0119,3.0592
64.84,10.0119,3.0592
64.85,10.0119,3.0592
64.86,10.0119,3.0592
64.87,10.0119,3.0592
64.88,10.0119,3.0592
64.89,10.0119,3.0592
64.9,10.0119,3.0592
64.91,10.0119,3.0592
64.92,10.0119,3.0592
64.93,10.0119,3.0592
64.94,10.0119,3.0592
64.95,10.0119,3.0592
64.96,10.0119,3.0592
64.97,10.0119,3.0592
64.98,10.0119,3.0592
64.99,10.0119,3.0592
65,10.0119,3.0592
65.01,9.9503,2.9976
65.02,9.9503,2.9976
65.03,9.9503,2.9976
65.04,9.9503,2.9976
65.05,9.9503,2.9976
65.06,9.9503,2.9976
65.07,9.9503,2.9976
65.08,9.9503,2.9976
65.09,9.9503,2.9976
65.1,9.9503,2.9976
65.11,9.9503,2.9976
65.12,9.9503,2.9976
65.13,9.9503,2.9976
65.14,9.9503,2.9976
65.15,9.9503,2.9976
65.16,9.9503,2.9976
65.17,9.9503,2.9976
65.18,9.9503,2.9976
65.19,9.9503,2.9976
65.2,9.9503,2.9976
65.21,9.9503,2.9976
65.22,9.9503,2.9976
65.23,9.9503,2.9976
65.24,9.9503,2.9976
65.25,9.9503,2.9976
65.26,9.9503,2.9976
65.27,9.9503,2.9976
65.28,9.9503,2.9976
65.29,9.9503,2.9976
65.3,9.9503,2.9976
65.31,9.9503,2.9976
65.32,9.9503,2.9976
65.33,9.9503,2.9976
65.34,9.9503,2.9976
65.35,9.9503,2.9976
65.36,9.9503,2.9976
65.37,9.9503,2.9976
65.38,9.9503,2.9976
65.39,9.9503,2.9976
65.4,9.9503,2.9976
65.41,9.9503,2.9976
65.42,9.9503,2.9976
65.43,9.9503,2.9976
65.44,9.9503,2.9976
65.45,9.9503,2.9976
65.46,9.9503,2.9976
65.47,9.9503,2.9976
65.48,9.9503,2.9976
65.49,9.9503,2.9976
65.5,9.9503,2.9976
65.51,9.9503,2.9976
65.52,9.9503,2.9976
65.53,9.9503,2.9976
65.54,9.9503,2.9976
65.55,9.9503,2.9976
65.56,9.9503,2.9976
65.57,9.9503,2.9976
65.58,9.9503,2.9976
65.59,9.9503,2.9976
65.6,9.9503,2.9976
65.61,9.9503,2.9976
65.62,9.9503,2.9976
65.63,9.9503,2.9976
65.64,9.9503,2.9976
65.65,9.9503,2.9976
65.66,9.9503,2.9976
65.67,9.9503,2.9976
65.68,9.9503,2.9976
65.69,9.9503,2.9976
65.7,9.9503,2.9976
65.71,9.9503,2.9976
65.72,9.9503,2.9976
65.73,9.9503,2.9976
65.74,9.9503,2.9976
65.75,9.9503,2.9976
65.76,9.9503,2.9976
65.77,9.9503,2.9976
65.78,9.9503,2.9976
65.79,9.9503,2.9976
65.8,9.9503,2.9976
65.81,9.9503,2.9976
65.82,9.9503,2.9976
65.83,9.9503,2.9976
65.84,9.8872,2.9345
65.85,9.8872,2.9345
65.86,9.8872,2.9345
65.87,9.8872,2.9345
65.88,9.8872,2.9345
65.89,9.8872,2.9345
65.9,9.8872,2.9345
65.91,9.8872,2.9345
65.92,9.8872,2.9345
65.93,9.8872,2.9345
65.94,9.8872,2.9345
65.95,9.8872,2.9345
65.96,9.8872,2.9345
65.97,9.8872,2.9345
65.98,9.8872,2.9345
65.99,9.8872,2.9345
66,9.8872,2.9345
66.01,9.8872,2.9345
66.02,9.8872,2.9345
66.03,9.8872,2.9345
66.04,9.8872,2.9345
66.05,9.8872,2.9345
66.06,9.8872,2.9345
66.07,9.8872,2.9345
66.08,9.8872,2.9345
66.09,9.8872,2.9345
66.1,9.8872,2.9345
66.11,9.8872,2.9345
66.12,9.8872,2.9345
66.13,9.8872,2.9345
66.14,9.8872,2.9345
66.15,9.8872,2.9345
66.16,9.8872,2.9345
66.17,9.8872,2.9345
66.18,9.8872,2.9345
66.19,9.8872,2.9345
66.2,9.8872,2.9345
66.21,9.8872,2.9345
66.22,9.8872,2.9345
66.23,9.8872,2.9345
66.24,9.8872,2.9345
66.25,9.8872,2.9345
66.26,9.8872,2.9345
66.27,9.8872,2.9345
66.28,9.8872,2.9345
66.29,9.8872,2.9345
66.3,9.8872,2.9345
66.31,9.8872,2.9345
66.32,9.8872,2.9345
66.33,9.8872,2.9345
66.34,9.8872,2.9345
66.35,9.8872,2.9345
66.36,9.8872,2.9345
66.37,9.8872,2.9345
66.38,9.8872,2.9345
66.39,9.8872,2.9345
66.4,9.8872,2.9345
66.41,9.8872,2.9345
66.42,9.8872,2.9345
66.43,9.8872,2.9345
66.44,9.8872,2.9345
66.45,9.8872,2.9345
66.46,9.8872,2.9345
66.47,9.8872,2.9345
66.48,9.8872,2.9345
66.49,9.8872,2.9345
66.5,9.8872,2.9345
66.51,9.8872,2.9345
66.52,9.8872,2.9345
66.53,9.8872,2.9345
66.54,9.8872,2.9345
66.55,9.8872,2.9345
66.56,9.8872,2.9345
66.57,9.8872,2.9345
66.58,9.8872,2.9345
66.59,9.8872,2.9345
66.6,9.8872,2.9345
66.61,9.8872,2.9345
66.62,9.8872,2.9345
66.63,9.8872,2.9345
66.64,9.8872,2.9345
66.65,9.8872,2.9345
66.66,9.8872,2.9345
66.67,9.8227,2.87
66.68,9.8227,2.87
66.69,9.8227,2.87
66.7,9.8227,2.87
66.71,9.8227,2.87
66.72,9.8227,2.87
66.73,9.8227,2.87
66.74,9.8227,2.87
66.75,9.8227,2.87
66.76,9.8227,2.87
66.77,9.8227,2.87
66.78,9.8227,2.87
66.79,9.8227,2.87
66.8,9.8227,2.87
66.81,9.8227,2.87
66.82,9.8227,2.87
66.83,9.8227,2.87
66.84,9.8227,2.87
66.85,9.8227,2.87
66.86,9.8227,2.87
66.87,9.8227,2.87
66.88,9.8227,2.87
66.89,9.8227,2.87
66.9,9.8227,2.87
66.91,9.8227,2.87
66.92,9.8227,2.87
66.93,9.8227,2.87
66.94,9.8227,2.87
66.95,9.8227,2.87
66.96,9.8227,2.87
66.97,9.8227,2.87
66.98,9.8227,2.87
66.99,9.8227,2.87
67,9.8227,2.87
67.01,9.8227,2.87
67.02,9.8227,2.87
67.03,9.8227,2.87
67.04,9.8227,2.87
67.05,9.8227,2.87
67.06,9.8227,2.87
67.07,9.8227,2.87
67.08,9.8227,2.87
67.09,9.8227,2.87
67.1,9.8227,2.87
67.11,9.8227,2.87
67.12,9.8227,2.87
67.13,9.8227,2.87
67.14,9.8227,2.87
67.15,9.8227,2.87
67.16,9.8227,2.87
67.17,9.8227,2.87
67.18,9.8227,2.87
67.19,9.8227,2.87
67.2,9.8227,2.87
67.21,9.8227,2.87
67.22,9.8227,2.87
67.23,9.8227,2.87
67.24,9.8227,2.87
67.25,9.8227,2.87
67.26,9.8227,2.87
67.27,9.8227,2.87
67.28,9.8227,2.87
67.29,9.8227,2.87
67.3,9.8227,2.87
67.31,9.8227,2.87
67.32,9.8227,2.87
67.33,9.8227,2.87
67.34,9.8227,2.87
67.35,9.8227,2.87
67.36,9.8227,2.87
67.37,9.8227,2.87
67.38,9.8227,2.87
67.39,9.8227,2.87
67.4,9.8227,2.87
67.41,9.8227,2.87
67.42,9.8227,2.87
67.43,9.8227,2.87
67.44,9.8227,2.87
67.45,9.8227,2.87
67.46,9.8227,2.87
67.47,9.8227,2.87
67.48,9.8227,2.87
67.49,9.8227,2.87
67.5,9.8227,2.87
67.51,9.7613,2.8086
67.52,9.7613,2.8086
67.53,9.7613,2.8086
67.54,9.7613,2.8086
67.55,9.7613,2.8086
67.56,9.7613,2.8086
67.57,9.7613,2.8086
67.58,9.7613,2.8086
67.59,9.7613,2.8086
67.6,9.7613,2.8086
67.61,9.7613,2.8086
67.62,9.7613,2.8086
67.63,9.7613,2.8086
67.64,9.7613,2.8086
67.65,9.7613,2.8086
67.66,9.7613,2.8086
67.67,9.7613,2.8086
67.68,9.7613,2.8086
67.69,9.7613,2.8086
67.7,9.7613,2.8086
67.71,9.7613,2.8086
67.72,9.7613,2.8086
67.73,9.7613,2.8086
67.74,9.7613,2.8086
67.75,9.7613,2.8086
67.76,9.7613,2.8086
67.77,9.7613,2.8086
67.78,9.7613,2.8086
67.79,9.7613,2.8086
67.8,9.7613,2.8086
67.81,9.7613,2.8086
67.82,9.7613,2.8086
67.83,9.7613,2.8086
67.84,9.7613,2.8086
67.85,9.7613,2.8086
67.86,9.7613,2.8086
67.87,9.7613,2.8086
67.88,9.7613,2.8086
67.89,9.7613,2.8086
67.9,9.7613,2.8086
67.91,9.7613,2.8086
67.92,9.7613,2.8086
67.93,9.7613,2.8086
67.94,9.7613,2.8086
67.95,9.7613,2.8086
67.96,9.7613,2.8086
67.97,9.7613,2.8086
67.98,9.7613,2.8086
67.99,9.7613,2.8086
68,9.7613,2.8086
68.01,9.7613,2.8086
68.02,9.7613,2.8086
68.03,9.7613,2.8086
68.04,9.7613,2.8086
68.05,9.7613,2.8086
68.06,9.7613,2.8086
68.07,9.7613,2.8086
68.08,9.7613,2.8086
68.09,9.7613,2.8086
68.1,9.7613,2.8086
68.11,9.7613,2.8086
68.12,9.7613,2.8086
68.13,9.7613,2.8086
68.14,9.7613,2.8086
68.15,9.7613,2.8086
68.16,9.7613,2.8086
68.17,9.7613,2.8086
68.18,9.7613,2.8086
68.19,9.7613,2.8086
68.2,9.7613,2.8086
68.21,9.7613,2.8086
68.22,9.7613,2.8086
68.23,9.7613,2.8086
68.24,9.7613,2.8086
68.25,9.7613,2.8086
68.26,9.7613,2.8086
68.27,9.7613,2.8086
68.28,9.7613,2.8086
68.29,9.7613,2.8086
68.3,9.7613,2.8086
68.31,9.7613,2.8086
68.32,9.7613,2.8086
68.33,9.7613,2.8086
68.34,9.6985,2.7458
68.35,9.6985,2.7458
68.36,9.6985,2.7458
68.37,9.6985,2.7458
68.38,9.6985,2.7458
68.39,9.6985,2.7458
68.4,9.6985,2.7458
68.41,9.6985,2.7458
68.42,9.6985,2.7458
68.43,9.6985,2.7458
68.44,9.6985,2.7458
68.45,9.6985,2.7458
68.46,9.6985,2.7458
68.47,9.6985,2.7458
68.48,9.6985,2.7458
68.49,9.6985,2.7458
68.5,9.6985,2.7458
68.51,9.6985,2.7458
68.52,9.6985,2.7458
68.53,9.6985,2.7458
68.54,9.6985,2.7458
68.55,9.6985,2.7458
68.56,9.6985,2.7458
68.57,9.6985,2.7458
68.58,9.6985,2.7458
68.59,9.6985,2.7458
68.6,9.6985,2.7458
68.61,9.6985,2.7458
68.62,9.6985,2.7458
68.63,9.6985,2.7458
68.64,9.6985,2.7458
68.65,9.6985,2.7458
68.66,9.6985,2.7458
68.67,9.6985,2.7458
68.68,9.6985,2.7458
68.69,9.6985,2.7458
68.7,9.6985,2.7458
68.71,9.6985,2.7458
68.72,9.6985,2.7458
68.73,9.6985,2.7458
68.74,9.6985,2.7458
68.75,9.6985,2.7458
68.76,9.6985,2.7458
68.77,9.6985,2.7458
68.78,9.6985,2.7458
68.79,9.6985,2.7458
68.8,9.6985,2.7458
68.81,9.6985,2.7458
68.82,9.6985,2.7458
68.83,9.6985,2.7458
68.84,9.6985,2.7458
68.85,9.6985,2.7458
68.86,9.6985,2.7458
68.87,9.6985,2.7458
68.88,9.6985,2.7458
68.89,9.6985,2.7458
68.9,9.6985,2.7458
68.91,9.6985,2.7458
68.92,9.6985,2.7458
68.93,9.6985,2.7458
68.94,9.6985,2.7458
68.95,9.6985,2.7458
68.96,9.6985,2.7458
68.97,9.6985,2.7458
68.98,9.6985,2.7458
68.99,9.6985,2.7458
69,9.6985,2.7458
69.01,9.6985,2.7458
69.02,9.6985,2.7458
69.03,9.6985,2.7458
69.04,9.6985,2.7458
69.05,9.6985,2.7458
69.06,9.6985,2.7458
69.07,9.6985,2.7458
69.08,9.6985,2.7458
69.09,9.6985,2.7458
69.1,9.6985,2.7458
69.11,9.6985,2.7458
69.12,9.6985,2.7458
69.13,9.6985,2.7458
69.14,9.6985,2.7458
69.15,9.6985,2.7458
69.16,9.6985,2.7458
69.17,9.6362,2.6835
69.18,9.6362,2.6835
69.19,9.6362,2.6835
69.2,9.6362,2.6835
69.21,9.6362,2.6835
69.22,9.6362,2.6835
69.23,9.6362,2.6835
69.24,9.6362,2.6835
69.25,9.6362,2.6835
69.26,9.6362,2.6835
69.27,9.6362,2.6835
69.28,9.6362,2.6835
69.29,9.6362,2.6835
69.3,9.6362,2.6835
69.31,9.6362,2.6835
69.32,9.6362,2.6835
69.33,9.6362,2.6835
69.34,9.6362,2.6835
69.35,9.6362,2.6835
69.36,9.6362,2.6835
69.37,9.6362,2.6835
69.38,9.6362,2.6835
69.39,9.6362,2.6835
69.4,9.6362,2.6835
69.41,9.6362,2.6835
69.42,9.6362,2.6835
69.43,9.6362,2.6835
69.44,9.6362,2.6835
69.45,9.6362,2.6835
69.46,9.6362,2.6835
69.47,9.6362,2.6835
69.48,9.6362,2.6835
69.49,9.6362,2.6835
69.5,9.6362,2.6835
69.51,9.6362,2.6835
69.52,9.6362,2.6835
69.53,9.6362,2.6835
69.54,9.6362,2.6835
69.55,9.6362,2.6835
69.56,9.6362,2.6835
69.57,9.6362,2.6835
69.58,9.6362,2.6835
69.59,9.6362,2.6835
69.6,9.6362,2.6835
69.61,9.6362,2.6835
69.62,9.6362,2.6835
69.63,9.6362,2.6835
69.64,9.6362,2.6835
69.65,9.6362,2.6835
69.66,9.6362,2.6835
69.67,9.6362,2.6835
69.68,9.6362,2.6835
69.69,9.6362,2.6835
69.7,9.6362,2.6835
69.71,9.6362,2.6835
69.72,9.6362,2.6835
69.73,9.6362,2.6835
69.74,9.6362,2.6835
69.75,9.6362,2.6835
69.76,9.6362,2.6835
69.77,9.6362,2.6835
69.78,9.6362,2.6835
69.79,9.6362,2.6835
69.8,9.6362,2.6835
69.81,9.6362,2.6835
69.82,9.6362,2.6835
69.83,9.6362,2.6835
69.84,9.6362,2.6835
69.85,9.6362,2.6835
69.86,9.6362,2.6835
69.87,9.6362,2.6835
69.88,9.6362,2.6835
69.89,9.6362,2.6835
69.9,9.6362,2.6835
69.91,9.6362,2.6835
69.92,9.6362,2.6835
69.93,9.6362,2.6835
69.94,9.6362,2.6835
69.95,9.6362,2.6835
69.96,9.6362,2.6835
69.97,9.6362,2.6835
69.98,9.6362,2.6835
69.99,9.6362,2.6835
70,9.6362,2.6835
70.01,9.5758,2.6231
70.02,9.5758,2.6231
70.03,9.5758,2.6231
70.04,9.5758,2.6231
70.05,9.5758,2.6231
70.06,9.5758,2.6231
70.07,9.5758,2.6231
70.08,9.5758,2.6231
70.09,9.5758,2.6231
70.1,9.5758,2.6231
70.11,9.5758,2.6231
70.12,9.5758,2.6231
70.13,9.5758,2.6231
70.14,9.5758,2.6231
70.15,9.5758,2.6231
70.16,9.5758,2.6231
70.17,9.5758,2.6231
70.18,9.5758,2.6231
70.19,9.5758,2.6231
70.2,9.5758,2.6231
70.21,9.5758,2.6231
70.22,9.5758,2.6231
70.23,9.5758,2.6231
70.24,9.5758,2.6231
70.25,9.5758,2.6231
70.26,9.5758,2.6231
70.27,9.5758,2.6231
70.28,9.5758,2.6231
70.29,9.5758,2.6231
70.3,9.5758,2.6231
70.31,9.5758,2.6231
70.32,9.5758,2.6231
70.33,9.5758,2.6231
70.34,9.5758,2.6231
70.35,9.5758,2.6231
70.36,9.5758,2.6231
70.37,9.5758,2.6231
70.38,9.5758,2.6231
70.39,9.5758,2.6231
70.4,9.5758,2.6231
70.41,9.5758,2.6231
70.42,9.5758,2.6231
70.43,9.5758,2.6231
70.44,9.5758,2.6231
70.45,9.5758,2.6231
70.46,9.5758,2.6231
70.47,9.5758,2.6231
70.48,9.5758,2.6231
70.49,9.5758,2.6231
70.5,9.5758,2.6231
70.51,9.5758,2.6231
70.52,9.5758,2.6231
70.53,9.5758,2.6231
70.54,9.5758,2.6231
70.55,9.5758,2.6231
70.56,9.5758,2.6231
70.57,9.5758,2.6231
70.58,9.5758,2.6231
70.59,9.5758,2.6231
70.6,9.5758,2.6231
70.61,9.5758,2.6231
70.62,9.5758,2.6231
70.63,9.5758,2.6231
70.64,9.5758,2.6231
70.65,9.5758,2.6231
70.66,9.5758,2.6231
70.67,9.5758,2.6231
70.68,9.5758,2.6231
70.69,9.5758,2.6231
70.7,9.5758,2.6231
70.71,9.5758,2.6231
70.72,9.5758,2.6231
70.73,9.5758,2.6231
70.74,9.5758,2.6231
70.75,9.5758,2.6231
70.76,9.5758,2.6231
70.77,9.5758,2.6231
70.78,9.5758,2.6231
70.79,9.5758,2.6231
70.8,9.5758,2.6231
70.81,9.5758,2.6231
70.82,9.5758,2.6231
70.83,9.5758,2.6231
70.84,9.5138,2.5611
70.85,9.5138,2.5611
70.86,9.5138,2.5611
70.87,9.5138,2.5611
70.88,9.5138,2.5611
70.89,9.5138,2.5611
70.9,9.5138,2.5611
70.91,9.5138,2.5611
70.92,9.5138,2.5611
70.93,9.5138,2.5611
70.94,9.5138,2.5611
70.95,9.5138,2.5611
70.96,9.5138,2.5611
70.97,9.5138,2.5611
70.98,9.5138,2.5611
70.99,9.5138,2.5611
71,9.5138,2.5611
71.01,9.5138,2.5611
71.02,9.5138,2.5611
71.03,9.5138,2.5611
71.04,9.5138,2.5611
71.05,9.5138,2.5611
71.06,9.5138,2.5611
71.07,9.5138,2.5611
71.08,9.5138,2.5611
71.09,9.5138,2.5611
71.1,9.5138,2.5611
71.11,9.5138,2.5611
71.12,9.5138,2.5611
71.13,9.5138,2.5611
71.14,9.5138,2.5611
71.15,9.5138,2.5611
71.16,9.5138,2.5611
71.17,9.5138,2.5611
71.18,9.5138,2.5611
71.19,9.5138,2.5611
71.2,9.5138,2.5611
71.21,9.5138,2.5611
71.22,9.5138,2.5611
71.23,9.5138,2.5611
71.24,9.5138,2.5611
71.25,9.5138,2.5611
71.26,9.5138,2.5611
71.27,9.5138,2.5611
71.28,9.5138,2.5611
71.29,9.5138,2.5611
71.3,9.5138,2.5611
71.31,9.5138,2.5611
71.32,9.5138,2.5611
71.33,9.5138,2.5611
71.34,9.5138,2.5611
71.35,9.5138,2.5611
71.36,9.5138,2.5611
71.37,9.5138,2.5611
71.38,9.5138,2.5611
71.39,9.5138,2.5611
71.4,9.5138,2.5611
71.41,9.5138,2.5611
71.42,9.5138,2.5611
71.43,9.5138,2.5611
71.44,9.5138,2.5611
71.45,9.5138,2.5611
71.46,9.5138,2.5611
71.47,9.5138,2.5611
71.48,9.5138,2.5611
71.49,9.5138,2.5611
71.5,9.5138,2.5611
71.51,9.5138,2.5611
71.52,9.5138,2.5611
71.53,9.5138,2.5611
71.54,9.5138,2.5611
71.55,9.5138,2.5611
71.56,9.5138,2.5611
71.57,9.5138,2.5611
71.58,9.5138,2.5611
71.59,9.5138,2.5611
71.6,9.5138,2.5611
71.61,9.5138,2.5611
71.62,9.5138,2.5611
71.63,9.5138,2.5611
71.64,9.5138,2.5611
71.65,9.5138,2.5611
71.66,9.5138,2.5611
71.67,9.4504,2.4977
71.68,9.4504,2.4977
71.69,9.4504,2.4977
71.7,9.4504,2.4977
71.71,9.4504,2.4977
71.72,9.4504,2.4977
71.73,9.4504,2.4977
71.74,9.4504,2.4977
71.75,9.4504,2.4977
71.76,9.4504,2.4977
71.77,9.4504,2.4977
71.78,9.4504,2.4977
71.79,9.4504,2.4977
71.8,9.4504,2.4977
71.81,9.4504,2.4977
71.82,9.4504,2.4977
71.83,9.4504,2.4977
71.84,9.4504,2.4977
71.85,9.4504,2.4977
71.86,9.4504,2.4977
71.87,9.4504,2.4977
71.88,9.4504,2.4977
71.89,9.4504,2.4977
71.9,9.4504,2.4977
71.91,9.4504,2.4977
71.92,9.4504,2.4977
71.93,9.4504,2.4977
71.94,9.4504,2.4977
71.95,9.4504,2.4977
71.96,9.4504,2.4977
71.97,9.4504,2.4977
71.98,9.4504,2.4977
71.99,9.4504,2.4977
72,9.4504,2.4977
72.01,9.4504,2.4977
72.02,9.4504,2.4977
72.03,9.4504,2.4977
72.04,9.4504,2.4977
72.05,9.4504,2.4977
72.06,9.4504,2.4977
72.07,9.4504,2.4977
72.08,9.4504,2.4977
72.09,9.4504,2.4977
72.1,9.4504,2.4977
72.11,9.4504,2.4977
72.12,9.4504,2.4977
72.13,9.4504,2.4977
72.14,9.4504,2.4977
72.15,9.4504,2.4977
72.16,9.4504,2.4977
72.17,9.4504,2.4977
72.18,9.4504,2.4977
72.19,9.4504,2.4977
72.2,9.4504,2.4977
72.21,9.4504,2.4977
72.22,9.4504,2.4977
72.23,9.4504,2.4977
72.24,9.4504,2.4977
72.25,9.4504,2.4977
72.26,9.4504,2.4977
72.27,9.4504,2.4977
72.28,9.4504,2.4977
72.29,9.4504,2.4977
72.3,9.4504,2.4977
72.31,9.4504,2.4977
72.32,9.4504,2.4977
72.33,9.4504,2.4977
72.34,9.4504,2.4977
72.35,9.4504,2.4977
72.36,9.4504,2.4977
72.37,9.4504,2.4977
72.38,9.4504,2.4977
72.39,9.4504,2.4977
72.4,9.4504,2.4977
72.41,9.4504,2.4977
72.42,9.4504,2.4977
72.43,9.4504,2.4977
72.44,9.4504,2.4977
72.45,9.4504,2.4977
72.46,9.4504,2.4977
72.47,9.4504,2.4977
72.48,9.4504,2.4977
72.49,9.4504,2.4977
72.5,9.4504,2.4977
72.51,9.388,2.4353
72.52,9.388,2.4353
72.53,9.388,2.4353
72.54,9.388,2.4353
72.55,9.388,2.4353
72.56,9.388,2.4353
72.57,9.388,2.4353
72.58,9.388,2.4353
72.59,9.388,2.4353
72.6,9.388,2.4353
72.61,9.388,2.4353
72.62,9.388,2.4353
72.63,9.388,2.4353
72.64,9.388,2.4353
72.65,9.388,2.4353
72.66,9.388,2.4353
72.67,9.388,2.4353
72.68,9.388,2.4353
72.69,9.388,2.4353
72.7,9.388,2.4353
72.71,9.388,2.4353
72.72,9.388,2.4353
72.73,9.388,2.4353
72.74,9.388,2.4353
72.75,9.388,2.4353
72.76,9.388,2.4353
72.77,9.388,2.4353
72.78,9.388,2.4353
72.79,9.388,2.4353
72.8,9.388,2.4353
72.81,9.388,2.4353
72.82,9.388,2.4353
72.83,9.388,2.4353
72.84,9.388,2.4353
72.85,9.388,2.4353
72.86,9.388,2.4353
72.87,9.388,2.4353
72.88,9.388,2.4353
72.89,9.388,2.4353
72.9,9.388,2.4353
72.91,9.388,2.4353
72.92,9.388,2.4353
72.93,9.388,2.4353
72.94,9.388,2.4353
72.95,9.388,2.4353
72.96,9.388,2.4353
72.97,9.388,2.4353
72.98,9.388,2.4353
72.99,9.388,2.4353
73,9.388,2.4353
73.01,9.388,2.4353
73.02,9.388,2.4353
73.03,9.388,2.4353
73.04,9.388,2.4353
73.05,9.388,2.4353
73.06,9.388,2.4353
73.07,9.388,2.4353
73.08,9.388,2.4353
73.09,9.388,2.4353
73.1,9.388,2.4353
73.11,9.388,2.4353
73.12,9.388,2.4353
73.13,9.388,2.4353
73.14,9.388,2.4353
73.15,9.388,2.4353
73.16,9.388,2.4353
73.17,9.388,2.4353
73.18,9.388,2.4353
73.19,9.388,2.4353
73.2,9.388,2.4353
73.21,9.388,2.4353
73.22,9.388,2.4353
73.23,9.388,2.4353
73.24,9.388,2.4353
73.25,9.388,2.4353
73.26,9.388,2.4353
73.27,9.388,2.4353
73.28,9.388,2.4353
73.29,9.388,2.4353
73.3,9.388,2.4353
73.31,9.388,2.4353
73.32,9.388,2.4353
73.33,9.388,2.4353
73.34,9.3244,2.3717
73.35,9.3244,2.3717
73.36,9.3244,2.3717
73.37,9.3244,2.3717
73.38,9.3244,2.3717
73.39,9.3244,2.3717
73.4,9.3244,2.3717
73.41,9.3244,2.3717
73.42,9.3244,2.3717
73.43,9.3244,2.3717
73.44,9.3244,2.3717
73.45,9.3244,2.3717
73.46,9.3244,2.3717
73.47,9.3244,2.3717
73.48,9.3244,2.3717
73.49,9.3244,2.3717
73.5,9.3244,2.3717
73.51,9.3244,2.3717
73.52,9.3244,2.3717
73.53,9.3244,2.3717
73.54,9.3244,2.3717
73.55,9.3244,2.3717
73.56,9.3244,2.3717
73.57,9.3244,2.3717
73.58,9.3244,2.3717
73.59,9.3244,2.3717
73.6,9.3244,2.3717
73.61,9.3244,2.3717
73.62,9.3244,2.3717
73.63,9.3244,2.3717
73.64,9.3244,2.3717
73.65,9.3244,2.3717
73.66,9.3244,2.3717
73.67,9.3244,2.3717
73.68,9.3244,2.3717
73.69,9.3244,2.3717
73.7,9.3244,2.3717
73.71,9.3244,2.3717
73.72,9.3244,2.3717
73.73,9.3244,2.3717
73.74,9.3244,2.3717
73.75,9.3244,2.3717
73.76,9.3244,2.3717
73.77,9.3244,2.3717
73.78,9.3244,2.3717
73.79,9.3244,2.3717
73.8,9.3244,2.3717
73.81,9.3244,2.3717
73.82,9.3244,2.3717
73.83,9.3244,2.3717
73.84,9.3244,2.3717
73.85,9.3244,2.3717
73.86,9.3244,2.3717
73.87,9.3244,2.3717
73.88,9.3244,2.3717
73.89,9.3244,2.3717
73.9,9.3244,2.3717
73.91,9.3244,2.3717
73.92,9.3244,2.3717
73.93,9.3244,2.3717
73.94,9.3244,2.3717
73.95,9.3244,2.3717
73.96,9.3244,2.3717
73.97,9.3244,2.3717
73.98,9.3244,2.3717
73.99,9.3244,2.3717
74,9.3244,2.3717
74.01,9.3244,2.3717
74.02,9.3244,2.3717
74.03,9.3244,2.3717
74.04,9.3244,2.3717
74.05,9.3244,2.3717
74.06,9.3244,2.3717
74.07,9.3244,2.3717
74.08,9.3244,2.3717
74.09,9.3244,2.3717
74.1,9.3244,2.3717
74.11,9.3244,2.3717
74.12,9.3244,2.3717
74.13,9.3244,2.3717
74.14,9.3244,2.3717
74.15,9.3244,2.3717
74.16,9.3244,2.3717
74.17,9.262,2.3093
74.18,9.262,2.3093
74.19,9.262,2.3093
74.2,9.262,2.3093
74.21,9.262,2.3093
74.22,9.262,2.3093
74.23,9.262,2.3093
74.24,9.262,2.3093
74.25,9.262,2.3093
74.26,9.262,2.3093
74.27,9.262,2.3093
74.28,9.262,2.3093
74.29,9.262,2.3093
74.3,9.262,2.3093
74.31,9.262,2.3093
74.32,9.262,2.3093
74.33,9.262,2.3093
74.34,9.262,2.3093
74.35,9.262,2.3093
74.36,9.262,2.3093
74.37,9.262,2.3093
74.38,9.262,2.3093
74.39,9.262,2.3093
74.4,9.262,2.3093
74.41,9.262,2.3093
74.42,9.262,2.3093
74.43,9.262,2.3093
74.44,9.262,2.3093
74.45,9.262,2.3093
74.46,9.262,2.3093
74.47,9.262,2.3093
74.48,9.262,2.3093
74.49,9.262,2.3093
74.5,9.262,2.3093
74.51,9.262,2.3093
74.52,9.262,2.3093
74.53,9.262,2.3093
74.54,9.262,2.3093
74.55,9.262,2.3093
74.56,9.262,2.3093
74.57,9.262,2.3093
74.58,9.262,2.3093
74.59,9.262,2.3093
74.6,9.262,2.3093
74.61,9.262,2.3093
74.62,9.262,2.3093
74.63,9.262,2.3093
74.64,9.262,2.3093
74.65,9.262,2.3093
74.66,9.262,2.3093
74.67,9.262,2.3093
74.68,9.262,2.3093
74.69,9.262,2.3093
74.7,9.262,2.3093
74.71,9.262,2.3093
74.72,9.262,2.3093
74.73,9.262,2.3093
74.74,9.262,2.3093
74.75,9.262,2.3093
74.76,9.262,2.3093
74.77,9.262,2.3093
74.78,9.262,2.3093
74.79,9.262,2.3093
74.8,9.262,2.3093
74.81,9.262,2.3093
74.82,9.262,2.3093
74.83,9.262,2.3093
74.84,9.262,2.3093
74.85,9.262,2.3093
74.86,9.262,2.3093
74.87,9.262,2.3093
74.88,9.262,2.3093
74.89,9.262,2.3093
74.9,9.262,2.3093
74.91,9.262,2.3093
74.92,9.262,2.3093
74.93,9.262,2.3093
74.94,9.262,2.3093
74.95,9.262,2.3093
74.96,9.262,2.3093
74.97,9.262,2.3093
74.98,9.262,2.3093
74.99,9.262,2.3093
75,9.262,2.3093
75.01,9.1956,2.2429
75.02,9.1956,2.2429
75.03,9.1956,2.2429
75.04,9.1956,2.2429
75.05,9.1956,2.2429
75.06,9.1956,2.2429
75.07,9.1956,2.2429
75.08,9.1956,2.2429
75.09,9.1956,2.2429
75.1,9.1956,2.2429
75.11,9.1956,2.2429
75.12,9.1956,2.2429
75.13,9.1956,2.2429
75.14,9.1956,2.2429
75.15,9.1956,2.2429
75.16,9.1956,2.2429
75.17,9.1956,2.2429
75.18,9.1956,2.2429
75.19,9.1956,2.2429
75.2,9.1956,2.2429
75.21,9.1956,2.2429
75.22,9.1956,2.2429
75.23,9.1956,2.2429
75.24,9.1956,2.2429
75.25,9.1956,2.2429
75.26,9.1956,2.2429
75.27,9.1956,2.2429
75.28,9.1956,2.2429
75.29,9.1956,2.2429
75.3,9.1956,2.2429
75.31,9.1956,2.2429
75.32,9.1956,2.2429
75.33,9.1956,2.2429
75.34,9.1956,2.2429
75.35,9.1956,2.2429
75.36,9.1956,2.2429
75.37,9.1956,2.2429
75.38,9.1956,2.2429
75.39,9.1956,2.2429
75.4,9.1956,2.2429
75.41,9.1956,2.2429
75.42,9.1956,2.2429
75.43,9.1956,2.2429
75.44,9.1956,2.2429
75.45,9.1956,2.2429
75.46,9.1956,2.2429
75.47,9.1956,2.2429
75.48,9.1956,2.2429
75.49,9.1956,2.2429
75.5,9.1956,2.2429
75.51,9.1956,2.2429
75.52,9.1956,2.2429
75.53,9.1956,2.2429
75.54,9.1956,2.2429
75.55,9.1956,2.2429
75.56,9.1956,2.2429
75.57,9.1956,2.2429
75.58,9.1956,2.2429
75.59,9.1956,2.2429
75.6,9.1956,2.2429
75.61,9.1956,2.2429
75.62,9.1956,2.2429
75.63,9.1956,2.2429
75.64,9.1956,2.2429
75.65,9.1956,2.2429
75.66,9.1956,2.2429
75.67,9.1956,2.2429
75.68,9.1956,2.2429
75.69,9.1956,2.2429
75.7,9.1956,2.2429
75.71,9.1956,2.2429
75.72,9.1956,2.2429
75.73,9.1956,2.2429
75.74,9.1956,2.2429
75.75,9.1956,2.2429
75.76,9.1956,2.2429
75.77,9.1956,2.2429
75.78,9.1956,2.2429
75.79,9.1956,2.2429
75.8,9.1956,2.2429
75.81,9.1956,2.2429
75.82,9.1956,2.2429
75.83,9.1956,2.2429
75.84,9.1296,2.1769
75.85,9.1296,2.1769
75.86,9.1296,2.1769
75.87,9.1296,2.1769
75.88,9.1296,2.1769
75.89,9.1296,2.1769
75.9,9.1296,2.1769
75.91,9.1296,2.1769
75.92,9.1296,2.1769
75.93,9.1296,2.1769
75.94,9.1296,2.1769
75.95,9.1296,2.1769
75.96,9.1296,2.1769
75.97,9.1296,2.1769
75.98,9.1296,2.1769
75.99,9.1296,2.1769
76,9.1296,2.1769
76.01,9.1296,2.1769
76.02,9.1296,2.1769
76.03,9.1296,2.1769
76.04,9.1296,2.1769
76.05,9.1296,2.1769
76.06,9.1296,2.1769
76.07,9.1296,2.1769
76.08,9.1296,2.1769
76.09,9.1296,2.1769
76.1,9.1296,2.1769
76.11,9.1296,2.1769
76.12,9.1296,2.1769
76.13,9.1296,2.1769
76.14,9.1296,2.1769
76.15,9.1296,2.1769
76.16,9.1296,2.1769
76.17,9.1296,2.1769
76.18,9.1296,2.1769
76.19,9.1296,2.1769
76.2,9.1296,2.1769
76.21,9.1296,2.1769
76.22,9.1296,2.1769
76.23,9.1296,2.1769
76.24,9.1296,2.1769
76.25,9.1296,2.1769
76.26,9.1296,2.1769
76.27,9.1296,2.1769
76.28,9.1296,2.1769
76.29,9.1296,2.1769
76.3,9.1296,2.1769
76.31,9.1296,2.1769
76.32,9.1296,2.1769
76.33,9.1296,2.1769
76.34,9.1296,2.1769
76.35,9.1296,2.1769
76.36,9.1296,2.1769
76.37,9.1296,2.1769
76.38,9.1296,2.1769
76.39,9.1296,2.1769
76.4,9.1296,2.1769
76.41,9.1296,2.1769
76.42,9.1296,2.1769
76.43,9.1296,2.1769
76.44,9.1296,2.1769
76.45,9.1296,2.1769
76.46,9.1296,2.1769
76.47,9.1296,2.1769
76.48,9.1296,2.1769
76.49,9.1296,2.1769
76.5,9.1296,2.1769
76.51,9.1296,2.1769
76.52,9.1296,2.1769
76.53,9.1296,2.1769
76.54,9.1296,2.1769
76.55,9.1296,2.1769
76.56,9.1296,2.1769
76.57,9.1296,2.1769
76.58,9.1296,2.1769
76.59,9.1296,2.1769
76.6,9.1296,2.1769
76.61,9.1296,2.1769
76.62,9.1296,2.1769
76.63,9.1296,2.1769
76.64,9.1296,2.1769
76.65,9.1296,2.1769
76.66,9.1296,2.1769
76.67,9.0611,2.1084
76.68,9.0611,2.1084
76.69,9.0611,2.1084
76.7,9.0611,2.1084
76.71,9.0611,2.1084
76.72,9.0611,2.1084
76.73,9.0611,2.1084
76.74,9.0611,2.1084
76.75,9.0611,2.1084
76.76,9.0611,2.1084
76.77,9.0611,2.1084
76.78,9.0611,2.1084
76.79,9.0611,2.1084
76.8,9.0611,2.1084
76.81,9.0611,2.1084
76.82,9.0611,2.1084
76.83,9.0611,2.1084
76.84,9.0611,2.1084
76.85,9.0611,2.1084
76.86,9.0611,2.1084
76.87,9.0611,2.1084
76.88,9.0611,2.1084
76.89,9.0611,2.1084
76.9,9.0611,2.1084
76.91,9.0611,2.1084
76.92,9.0611,2.1084
76.93,9.0611,2.1084
76.94,9.0611,2.1084
76.95,9.0611,2.1084
76.96,9.0611,2.1084
76.97,9.0611,2.1084
76.98,9.0611,2.1084
76.99,9.0611,2.1084
77,9.0611,2.1084
77.01,9.0611,2.1084
77.02,9.0611,2.1084
77.03,9.0611,2.1084
77.04,9.0611,2.1084
77.05,9.0611,2.1084
77.06,9.0611,2.1084
77.07,9.0611,2.1084
77.08,9.0611,2.1084
77.09,9.0611,2.1084
77.1,9.0611,2.1084
77.11,9.0611,2.1084
77.12,9.0611,2.1084
77.13,9.0611,2.1084
77.14,9.0611,2.1084
77.15,9.0611,2.1084
77.16,9.0611,2.1084
77.17,9.0611,2.1084
77.18,9.0611,2.1084
77.19,9.0611,2.1084
77.2,9.0611,2.1084
77.21,9.0611,2.1084
77.22,9.0611,2.1084
77.23,9.0611,2.1084
77.24,9.0611,2.1084
77.25,9.0611,2.1084
77.26,9.0611,2.1084
77.27,9.0611,2.1084
77.28,9.0611,2.1084
77.29,9.0611,2.1084
77.3,9.0611,2.1084
77.31,9.0611,2.1084
77.32,9.0611,2.1084
77.33,9.0611,2.1084
77.34,9.0611,2.1084
77.35,9.0611,2.1084
77.36,9.0611,2.1084
77.37,9.0611,2.1084
77.38,9.0611,2.1084
77.39,9.0611,2.1084
77.4,9.0611,2.1084
77.41,9.0611,2.1084
77.42,9.0611,2.1084
77.43,9.0611,2.1084
77.44,9.0611,2.1084
77.45,9.0611,2.1084
77.46,9.0611,2.1084
77.47,9.0611,2.1084
77.48,9.0611,2.1084
77.49,9.0611,2.1084
77.5,9.0611,2.1084
77.51,8.9922,2.0395
77.52,8.9922,2.0395
77.53,8.9922,2.0395
77.54,8.9922,2.0395
77.55,8.9922,2.0395
77.56,8.9922,2.0395
77.57,8.9922,2.0395
77.58,8.9922,2.0395
77.59,8.9922,2.0395
77.6,8.9922,2.0395
77.61,8.9922,2.0395
77.62,8.9922,2.0395
77.63,8.9922,2.0395
77.64,8.9922,2.0395
77.65,8.9922,2.0395
77.66,8.9922,2.0395
77.67,8.9922,2.0395
77.68,8.9922,2.0395
77.69,8.9922,2.0395
77.7,8.9922,2.0395
77.71,8.9922,2.0395
77.72,8.9922,2.0395
77.73,8.9922,2.0395
77.74,8.9922,2.0395
77.75,8.9922,2.0395
77.76,8.9922,2.0395
77.77,8.9922,2.0395
77.78,8.9922,2.0395
77.79,8.9922,2.0395
77.8,8.9922,2.0395
77.81,8.9922,2.0395
77.82,8.9922,2.0395
77.83,8.9922,2.0395
77.84,8.9922,2.0395
77.85,8.9922,2.0395
77.86,8.9922,2.0395
77.87,8.9922,2.0395
77.88,8.9922,2.0395
77.89,8.9922,2.0395
77.9,8.9922,2.0395
77.91,8.9922,2.0395
77.92,8.9922,2.0395
77.93,8.9922,2.0395
77.94,8.9922,2.0395
77.95,8.9922,2.0395
77.96,8.9922,2.0395
77.97,8.9922,2.0395
77.98,8.9922,2.0395
77.99,8.9922,2.0395
78,8.9922,2.0395
78.01,8.9922,2.0395
78.02,8.9922,2.0395
78.03,8.9922,2.0395
78.04,8.9922,2.0395
78.05,8.9922,2.0395
78.06,8.9922,2.0395
78.07,8.9922,2.0395
78.08,8.9922,2.0395
78.09,8.9922,2.0395
78.1,8.9922,2.0395
78.11,8.9922,2.0395
78.12,8.9922,2.0395
78.13,8.9922,2.0395
78.14,8.9922,2.0395
78.15,8.9922,2.0395
78.16,8.9922,2.0395
78.17,8.9922,2.0395
78.18,8.9922,2.0395
78.19,8.9922,2.0395
78.2,8.9922,2.0395
78.21,8.9922,2.0395
78.22,8.9922,2.0395
78.23,8.9922,2.0395
78.24,8.9922,2.0395
78.25,8.9922,2.0395
78.26,8.9922,2.0395
78.27,8.9922,2.0395
78.28,8.9922,2.0395
78.29,8.9922,2.0395
78.3,8.9922,2.0395
78.31,8.9922,2.0395
78.32,8.9922,2.0395
78.33,8.9922,2.0395
78.34,8.9233,1.9706
78.35,8.9233,1.9706
78.36,8.9233,1.9706
78.37,8.9233,1.9706
78.38,8.9233,1.9706
78.39,8.9233,1.9706
78.4,8.9233,1.9706
78.41,8.9233,1.9706
78.42,8.9233,1.9706
78.43,8.9233,1.9706
78.44,8.9233,1.9706
78.45,8.9233,1.9706
78.46,8.9233,1.9706
78.47,8.9233,1.9706
78.48,8.9233,1.9706
78.49,8.9233,1.9706
78.5,8.9233,1.9706
78.51,8.9233,1.9706
78.52,8.9233,1.9706
78.53,8.9233,1.9706
78.54,8.9233,1.9706
78.55,8.9233,1.9706
78.56,8.9233,1.9706
78.57,8.9233,1.9706
78.58,8.9233,1.9706
78.59,8.9233,1.9706
78.6,8.9233,1.9706
78.61,8.9233,1.9706
78.62,8.9233,1.9706
78.63,8.9233,1.9706
78.64,8.9233,1.9706
78.65,8.9233,1.9706
78.66,8.9233,1.9706
78.67,8.9233,1.9706
78.68,8.9233,1.9706
78.69,8.9233,1.9706
78.7,8.9233,1.9706
78.71,8.9233,1.9706
78.72,8.9233,1.9706
78.73,8.9233,1.9706
78.74,8.9233,1.9706
78.75,8.9233,1.9706
78.76,8.9233,1.9706
78.77,8.9233,1.9706
78.78,8.9233,1.9706
78.79,8.9233,1.9706
78.8,8.9233,1.9706
78.81,8.9233,1.9706
78.82,8.9233,1.9706
78.83,8.9233,1.9706
78.84,8.9233,1.9706
78.85,8.9233,1.9706
78.86,8.9233,1.9706
78.87,8.9233,1.9706
78.88,8.9233,1.9706
78.89,8.9233,1.9706
78.9,8.9233,1.9706
78.91,8.9233,1.9706
78.92,8.9233,1.9706
78.93,8.9233,1.9706
78.94,8.9233,1.9706
78.95,8.9233,1.9706
78.96,8.9233,1.9706
78.97,8.9233,1.9706
78.98,8.9233,1.9706
78.99,8.9233,1.9706
79,8.9233,1.9706
79.01,8.9233,1.9706
79.02,8.9233,1.9706
79.03,8.9233,1.9706
79.04,8.9233,1.9706
79.05,8.9233,1.9706
79.06,8.9233,1.9706
79.07,8.9233,1.9706
79.08,8.9233,1.9706
79.09,8.9233,1.9706
79.1,8.9233,1.9706
79.11,8.9233,1.9706
79.12,8.9233,1.9706
79.13,8.9233,1.9706
79.14,8.9233,1.9706
79.15,8.9233,1.9706
79.16,8.9233,1.9706
79.17,8.852,1.8993
79.18,8.852,1.8993
79.19,8.852,1.8993
79.2,8.852,1.8993
79.21,8.852,1.8993
79.22,8.852,1.8993
79.23,8.852,1.8993
79.24,8.852,1.8993
79.25,8.852,1.8993
79.26,8.852,1.8993
79.27,8.852,1.8993
79.28,8.852,1.8993
79.29,8.852,1.8993
79.3,8.852,1.8993
79.31,8.852,1.8993
79.32,8.852,1.8993
79.33,8.852,1.8993
79.34,8.852,1.8993
79.35,8.852,1.8993
79.36,8.852,1.8993
79.37,8.852,1.8993
79.38,8.852,1.8993
79.39,8.852,1.8993
79.4,8.852,1.8993
79.41,8.852,1.8993
79.42,8.852,1.8993
79.43,8.852,1.8993
79.44,8.852,1.8993
79.45,8.852,1.8993
79.46,8.852,1.8993
79.47,8.852,1.8993
79.48,8.852,1.8993
79.49,8.852,1.8993
79.5,8.852,1.8993
79.51,8.852,1.8993
79.52,8.852,1.8993
79.53,8.852,1.8993
79.54,8.852,1.8993
79.55,8.852,1.8993
79.56,8.852,1.8993
79.57,8.852,1.8993
79.58,8.852,1.8993
79.59,8.852,1.8993
79.6,8.852,1.8993
79.61,8.852,1.8993
79.62,8.852,1.8993
79.63,8.852,1.8993
79.64,8.852,1.8993
79.65,8.852,1.8993
79.66,8.852,1.8993
79.67,8.852,1.8993
79.68,8.852,1.8993
79.69,8.852,1.8993
79.7,8.852,1.8993
79.71,8.852,1.8993
79.72,8.852,1.8993
79.73,8.852,1.8993
79.74,8.852,1.8993
79.75,8.852,1.8993
79.76,8.852,1.8993
79.77,8.852,1.8993
79.78,8.852,1.8993
79.79,8.852,1.8993
79.8,8.852,1.8993
79.81,8.852,1.8993
79.82,8.852,1.8993
79.83,8.852,1.8993
79.84,8.852,1.8993
79.85,8.852,1.8993
79.86,8.852,1.8993
79.87,8.852,1.8993
79.88,8.852,1.8993
79.89,8.852,1.8993
79.9,8.852,1.8993
79.91,8.852,1.8993
79.92,8.852,1.8993
79.93,8.852,1.8993
79.94,8.852,1.8993
79.95,8.852,1.8993
79.96,8.852,1.8993
79.97,8.852,1.8993
79.98,8.852,1.8993
79.99,8.852,1.8993
80,8.852,1.8993
80.01,8.7761,1.8234
80.02,8.7761,1.8234
80.03,8.7761,1.8234
80.04,8.7761,1.8234
80.05,8.7761,1.8234
80.06,8.7761,1.8234
80.07,8.7761,1.8234
80.08,8.7761,1.8234
80.09,8.7761,1.8234
80.1,8.7761,1.8234
80.11,8.7761,1.8234
80.12,8.7761,1.8234
80.13,8.7761,1.8234
80.14,8.7761,1.8234
80.15,8.7761,1.8234
80.16,8.7761,1.8234
80.17,8.7761,1.8234
80.18,8.7761,1.8234
80.19,8.7761,1.8234
80.2,8.7761,1.8234
80.21,8.7761,1.8234
80.22,8.7761,1.8234
80.23,8.7761,1.8234
80.24,8.7761,1.8234
80.25,8.7761,1.8234
80.26,8.7761,1.8234
80.27,8.7761,1.8234
80.28,8.7761,1.8234
80.29,8.7761,1.8234
80.3,8.7761,1.8234
80.31,8.7761,1.8234
80.32,8.7761,1.8234
80.33,8.7761,1.8234
80.34,8.7761,1.8234
80.35,8.7761,1.8234
80.36,8.7761,1.8234
80.37,8.7761,1.8234
80.38,8.7761,1.8234
80.39,8.7761,1.8234
80.4,8.7761,1.8234
80.41,8.7761,1.8234
80.42,8.7761,1.8234
80.43,8.7761,1.8234
80.44,8.7761,1.8234
80.45,8.7761,1.8234
80.46,8.7761,1.8234
80.47,8.7761,1.8234
80.48,8.7761,1.8234
80.49,8.7761,1.8234
80.5,8.7761,1.8234
80.51,8.7761,1.8234
80.52,8.7761,1.8234
80.53,8.7761,1.8234
80.54,8.7761,1.8234
80.55,8.7761,1.8234
80.56,8.7761,1.8234
80.57,8.7761,1.8234
80.58,8.7761,1.8234
80.59,8.7761,1.8234
80.6,8.7761,1.8234
80.61,8.7761,1.8234
80.62,8.7761,1.8234
80.63,8.7761,1.8234
80.64,8.7761,1.8234
80.65,8.7761,1.8234
80.66,8.7761,1.8234
80.67,8.7761,1.8234
80.68,8.7761,1.8234
80.69,8.7761,1.8234
80.7,8.7761,1.8234
80.71,8.7761,1.8234
80.72,8.7761,1.8234
80.73,8.7761,1.8234
80.74,8.7761,1.8234
80.75,8.7761,1.8234
80.76,8.7761,1.8234
80.77,8.7761,1.8234
80.78,8.7761,1.8234
80.79,8.7761,1.8234
80.8,8.7761,1.8234
80.81,8.7761,1.8234
80.82,8.7761,1.8234
80.83,8.7761,1.8234
80.84,8.6955,1.7428
80.85,8.6955,1.7428
80.86,8.6955,1.7428
80.87,8.6955,1.7428
80.88,8.6955,1.7428
80.89,8.6955,1.7428
80.9,8.6955,1.7428
80.91,8.6955,1.7428
80.92,8.6955,1.7428
80.93,8.6955,1.7428
80.94,8.6955,1.7428
80.95,8.6955,1.7428
80.96,8.6955,1.7428
80.97,8.6955,1.7428
80.98,8.6955,1.7428
80.99,8.6955,1.7428
81,8.6955,1.7428
81.01,8.6955,1.7428
81.02,8.6955,1.7428
81.03,8.6955,1.7428
81.04,8.6955,1.7428
81.05,8.6955,1.7428
81.06,8.6955,1.7428
81.07,8.6955,1.7428
81.08,8.6955,1.7428
81.09,8.6955,1.7428
81.1,8.6955,1.7428
81.11,8.6955,1.7428
81.12,8.6955,1.7428
81.13,8.6955,1.7428
81.14,8.6955,1.7428
81.15,8.6955,1.7428
81.16,8.6955,1.7428
81.17,8.6955,1.7428
81.18,8.6955,1.7428
81.19,8.6955,1.7428
81.2,8.6955,1.7428
81.21,8.6955,1.7428
81.22,8.6955,1.7428
81.23,8.6955,1.7428
81.24,8.6955,1.7428
81.25,8.6955,1.7428
81.26,8.6955,1.7428
81.27,8.6955,1.7428
81.28,8.6955,1.7428
81.29,8.6955,1.7428
81.3,8.6955,1.7428
81.31,8.6955,1.7428
81.32,8.6955,1.7428
81.33,8.6955,1.7428
81.34,8.6955,1.7428
81.35,8.6955,1.7428
81.36,8.6955,1.7428
81.37,8.6955,1.7428
81.38,8.6955,1.7428
81.39,8.6955,1.7428
81.4,8.6955,1.7428
81.41,8.6955,1.7428
81.42,8.6955,1.7428
81.43,8.6955,1.7428
81.44,8.6955,1.7428
81.45,8.6955,1.7428
81.46,8.6955,1.7428
81.47,8.6955,1.7428
81.48,8.6955,1.7428
81.49,8.6955,1.7428
81.5,8.6955,1.7428
81.51,8.6955,1.7428
81.52,8.6955,1.7428
81.53,8.6955,1.7428
81.54,8.6955,1.7428
81.55,8.6955,1.7428
81.56,8.6955,1.7428
81.57,8.6955,1.7428
81.58,8.6955,1.7428
81.59,8.6955,1.7428
81.6,8.6955,1.7428
81.61,8.6955,1.7428
81.62,8.6955,1.7428
81.63,8.6955,1.7428
81.64,8.6955,1.7428
81.65,8.6955,1.7428
81.66,8.6955,1.7428
81.67,8.6131,1.6604
81.68,8.6131,1.6604
81.69,8.6131,1.6604
81.7,8.6131,1.6604
81.71,8.6131,1.6604
81.72,8.6131,1.6604
81.73,8.6131,1.6604
81.74,8.6131,1.6604
81.75,8.6131,1.6604
81.76,8.6131,1.6604
81.77,8.6131,1.6604
81.78,8.6131,1.6604
81.79,8.6131,1.6604
81.8,8.6131,1.6604
81.81,8.6131,1.6604
81.82,8.6131,1.6604
81.83,8.6131,1.6604
81.84,8.6131,1.6604
81.85,8.6131,1.6604
81.86,8.6131,1.6604
81.87,8.6131,1.6604
81.88,8.6131,1.6604
81.89,8.6131,1.6604
81.9,8.6131,1.6604
81.91,8.6131,1.6604
81.92,8.6131,1.6604
81.93,8.6131,1.6604
81.94,8.6131,1.6604
81.95,8.6131,1.6604
81.96,8.6131,1.6604
81.97,8.6131,1.6604
81.98,8.6131,1.6604
81.99,8.6131,1.6604
82,8.6131,1.6604
82.01,8.6131,1.6604
82.02,8.6131,1.6604
82.03,8.6131,1.6604
82.04,8.6131,1.6604
82.05,8.6131,1.6604
82.06,8.6131,1.6604
82.07,8.6131,1.6604
82.08,8.6131,1.6604
82.09,8.6131,1.6604
82.1,8.6131,1.6604
82.11,8.6131,1.6604
82.12,8.6131,1.6604
82.13,8.6131,1.6604
82.14,8.6131,1.6604
82.15,8.6131,1.6604
82.16,8.6131,1.6604
82.17,8.6131,1.6604
82.18,8.6131,1.6604
82.19,8.6131,1.6604
82.2,8.6131,1.6604
82.21,8.6131,1.6604
82.22,8.6131,1.6604
82.23,8.6131,1.6604
82.24,8.6131,1.6604
82.25,8.6131,1.6604
82.26,8.6131,1.6604
82.27,8.6131,1.6604
82.28,8.6131,1.6604
82.29,8.6131,1.6604
82.3,8.6131,1.6604
82.31,8.6131,1.6604
82.32,8.6131,1.6604
82.33,8.6131,1.6604
82.34,8.6131,1.6604
82.35,8.6131,1.6604
82.36,8.6131,1.6604
82.37,8.6131,1.6604
82.38,8.6131,1.6604
82.39,8.6131,1.6604
82.4,8.6131,1.6604
82.41,8.6131,1.6604
82.42,8.6131,1.6604
82.43,8.6131,1.6604
82.44,8.6131,1.6604
82.45,8.6131,1.6604
82.46,8.6131,1.6604
82.47,8.6131,1.6604
82.48,8.6131,1.6604
82.49,8.6131,1.6604
82.5,8.6131,1.6604
82.51,8.5262,1.5735
82.52,8.5262,1.5735
82.53,8.5262,1.5735
82.54,8.5262,1.5735
82.55,8.5262,1.5735
82.56,8.5262,1.5735
82.57,8.5262,1.5735
82.58,8.5262,1.5735
82.59,8.5262,1.5735
82.6,8.5262,1.5735
82.61,8.5262,1.5735
82.62,8.5262,1.5735
82.63,8.5262,1.5735
82.64,8.5262,1.5735
82.65,8.5262,1.5735
82.66,8.5262,1.5735
82.67,8.5262,1.5735
82.68,8.5262,1.5735
82.69,8.5262,1.5735
82.7,8.5262,1.5735
82.71,8.5262,1.5735
82.72,8.5262,1.5735
82.73,8.5262,1.5735
82.74,8.5262,1.5735
82.75,8.5262,1.5735
82.76,8.5262,1.5735
82.77,8.5262,1.5735
82.78,8.5262,1.5735
82.79,8.5262,1.5735
82.8,8.5262,1.5735
82.81,8.5262,1.5735
82.82,8.5262,1.5735
82.83,8.5262,1.5735
82.84,8.5262,1.5735
82.85,8.5262,1.5735
82.86,8.5262,1.5735
82.87,8.5262,1.5735
82.88,8.5262,1.5735
82.89,8.5262,1.5735
82.9,8.5262,1.5735
82.91,8.5262,1.5735
82.92,8.5262,1.5735
82.93,8.5262,1.5735
82.94,8.5262,1.5735
82.95,8.5262,1.5735
82.96,8.5262,1.5735
82.97,8.5262,1.5735
82.98,8.5262,1.5735
82.99,8.5262,1.5735
83,8.5262,1.5735
83.01,8.5262,1.5735
83.02,8.5262,1.5735
83.03,8.5262,1.5735
83.04,8.5262,1.5735
83.05,8.5262,1.5735
83.06,8.5262,1.5735
83.07,8.5262,1.5735
83.08,8.5262,1.5735
83.09,8.5262,1.5735
83.1,8.5262,1.5735
83.11,8.5262,1.5735
83.12,8.5262,1.5735
83.13,8.5262,1.5735
83.14,8.5262,1.5735
83.15,8.5262,1.5735
83.16,8.5262,1.5735
83.17,8.5262,1.5735
83.18,8.5262,1.5735
83.19,8.5262,1.5735
83.2,8.5262,1.5735
83.21,8.5262,1.5735
83.22,8.5262,1.5735
83.23,8.5262,1.5735
83.24,8.5262,1.5735
83.25,8.5262,1.5735
83.26,8.5262,1.5735
83.27,8.5262,1.5735
83.28,8.5262,1.5735
83.29,8.5262,1.5735
83.3,8.5262,1.5735
83.31,8.5262,1.5735
83.32,8.5262,1.5735
83.33,8.5262,1.5735
83.34,8.4333,1.4806
83.35,8.4333,1.4806
83.36,8.4333,1.4806
83.37,8.4333,1.4806
83.38,8.4333,1.4806
83.39,8.4333,1.4806
83.4,8.4333,1.4806
83.41,8.4333,1.4806
83.42,8.4333,1.4806
83.43,8.4333,1.4806
83.44,8.4333,1.4806
83.45,8.4333,1.4806
83.46,8.4333,1.4806
83.47,8.4333,1.4806
83.48,8.4333,1.4806
83.49,8.4333,1.4806
83.5,8.4333,1.4806
83.51,8.4333,1.4806
83.52,8.4333,1.4806
83.53,8.4333,1.4806
83.54,8.4333,1.4806
83.55,8.4333,1.4806
83.56,8.4333,1.4806
83.57,8.4333,1.4806
83.58,8.4333,1.4806
83.59,8.4333,1.4806
83.6,8.4333,1.4806
83.61,8.4333,1.4806
83.62,8.4333,1.4806
83.63,8.4333,1.4806
83.64,8.4333,1.4806
83.65,8.4333,1.4806
83.66,8.4333,1.4806
83.67,8.4333,1.4806
83.68,8.4333,1.4806
83.69,8.4333,1.4806
83.7,8.4333,1.4806
83.71,8.4333,1.4806
83.72,8.4333,1.4806
83.73,8.4333,1.4806
83.74,8.4333,1.4806
83.75,8.4333,1.4806
83.76,8.4333,1.4806
83.77,8.4333,1.4806
83.78,8.4333,1.4806
83.79,8.4333,1.4806
83.8,8.4333,1.4806
83.81,8.4333,1.4806
83.82,8.4333,1.4806
83.83,8.4333,1.4806
83.84,8.4333,1.4806
83.85,8.4333,1.4806
83.86,8.4333,1.4806
83.87,8.4333,1.4806
83.88,8.4333,1.4806
83.89,8.4333,1.4806
83.9,8.4333,1.4806
83.91,8.4333,1.4806
83.92,8.4333,1.4806
83.93,8.4333,1.4806
83.94,8.4333,1.4806
83.95,8.4333,1.4806
83.96,8.4333,1.4806
83.97,8.4333,1.4806
83.98,8.4333,1.4806
83.99,8.4333,1.4806
84,8.4333,1.4806
84.01,8.4333,1.4806
84.02,8.4333,1.4806
84.03,8.4333,1.4806
84.04,8.4333,1.4806
84.05,8.4333,1.4806
84.06,8.4333,1.4806
84.07,8.4333,1.4806
84.08,8.4333,1.4806
84.09,8.4333,1.4806
84.1,8.4333,1.4806
84.11,8.4333,1.4806
84.12,8.4333,1.4806
84.13,8.4333,1.4806
84.14,8.4333,1.4806
84.15,8.4333,1.4806
84.16,8.4333,1.4806
84.17,8.3311,1.3784
84.18,8.3311,1.3784
84.19,8.3311,1.3784
84.2,8.3311,1.3784
84.21,8.3311,1.3784
84.22,8.3311,1.3784
84.23,8.3311,1.3784
84.24,8.3311,1.3784
84.25,8.3311,1.3784
84.26,8.3311,1.3784
84.27,8.3311,1.3784
84.28,8.3311,1.3784
84.29,8.3311,1.3784
84.3,8.3311,1.3784
84.31,8.3311,1.3784
84.32,8.3311,1.3784
84.33,8.3311,1.3784
84.34,8.3311,1.3784
84.35,8.3311,1.3784
84.36,8.3311,1.3784
84.37,8.3311,1.3784
84.38,8.3311,1.3784
84.39,8.3311,1.3784
84.4,8.3311,1.3784
84.41,8.3311,1.3784
84.42,8.3311,1.3784
84.43,8.3311,1.3784
84.44,8.3311,1.3784
84.45,8.3311,1.3784
84.46,8.3311,1.3784
84.47,8.3311,1.3784
84.48,8.3311,1.3784
84.49,8.3311,1.3784
84.5,8.3311,1.3784
84.51,8.3311,1.3784
84.52,8.3311,1.3784
84.53,8.3311,1.3784
84.54,8.3311,1.3784
84.55,8.3311,1.3784
84.56,8.3311,1.3784
84.57,8.3311,1.3784
84.58,8.3311,1.3784
84.59,8.3311,1.3784
84.6,8.3311,1.3784
84.61,8.3311,1.3784
84.62,8.3311,1.3784
84.63,8.3311,1.3784
84.64,8.3311,1.3784
84.65,8.3311,1.3784
84.66,8.3311,1.3784
84.67,8.3311,1.3784
84.68,8.3311,1.3784
84.69,8.3311,1.3784
84.7,8.3311,1.3784
84.71,8.3311,1.3784
84.72,8.3311,1.3784
84.73,8.3311,1.3784
84.74,8.3311,1.3784
84.75,8.3311,1.3784
84.76,8.3311,1.3784
84.77,8.3311,1.3784
84.78,8.3311,1.3784
84.79,8.3311,1.3784
84.8,8.3311,1.3784
84.81,8.3311,1.3784
84.82,8.3311,1.3784
84.83,8.3311,1.3784
84.84,8.3311,1.3784
84.85,8.3311,1.3784
84.86,8.3311,1.3784
84.87,8.3311,1.3784
84.88,8.3311,1.3784
84.89,8.3311,1.3784
84.9,8.3311,1.3784
84.91,8.3311,1.3784
84.92,8.3311,1.3784
84.93,8.3311,1.3784
84.94,8.3311,1.3784
84.95,8.3311,1.3784
84.96,8.3311,1.3784
84.97,8.3311,1.3784
84.98,8.3311,1.3784
84.99,8.3311,1.3784
85,8.3311,1.3784
85.01,8.2208,1.2681
85.02,8.2208,1.2681
85.03,8.2208,1.2681
85.04,8.2208,1.2681
85.05,8.2208,1.2681
85.06,8.2208,1.2681
85.07,8.2208,1.2681
85.08,8.2208,1.2681
85.09,8.2208,1.2681
85.1,8.2208,1.2681
85.11,8.2208,1.2681
85.12,8.2208,1.2681
85.13,8.2208,1.2681
85.14,8.2208,1.2681
85.15,8.2208,1.2681
85.16,8.2208,1.2681
85.17,8.2208,1.2681
85.18,8.2208,1.2681
85.19,8.2208,1.2681
85.2,8.2208,1.2681
85.21,8.2208,1.2681
85.22,8.2208,1.2681
85.23,8.2208,1.2681
85.24,8.2208,1.2681
85.25,8.2208,1.2681
85.26,8.2208,1.2681
85.27,8.2208,1.2681
85.28,8.2208,1.2681
85.29,8.2208,1.2681
85.3,8.2208,1.2681
85.31,8.2208,1.2681
85.32,8.2208,1.2681
85.33,8.2208,1.2681
85.34,8.2208,1.2681
85.35,8.2208,1.2681
85.36,8.2208,1.2681
85.37,8.2208,1.2681
85.38,8.2208,1.2681
85.39,8.2208,1.2681
85.4,8.2208,1.2681
85.41,8.2208,1.2681
85.42,8.2208,1.2681
85.43,8.2208,1.2681
85.44,8.2208,1.2681
85.45,8.2208,1.2681
85.46,8.2208,1.2681
85.47,8.2208,1.2681
85.48,8.2208,1.2681
85.49,8.2208,1.2681
85.5,8.2208,1.2681
85.51,8.2208,1.2681
85.52,8.2208,1.2681
85.53,8.2208,1.2681
85.54,8.2208,1.2681
85.55,8.2208,1.2681
85.56,8.2208,1.2681
85.57,8.2208,1.2681
85.58,8.2208,1.2681
85.59,8.2208,1.2681
85.6,8.2208,1.2681
85.61,8.2208,1.2681
85.62,8.2208,1.2681
85.63,8.2208,1.2681
85.64,8.2208,1.2681
85.65,8.2208,1.2681
85.66,8.2208,1.2681
85.67,8.2208,1.2681
85.68,8.2208,1.2681
85.69,8.2208,1.2681
85.7,8.2208,1.2681
85.71,8.2208,1.2681
85.72,8.2208,1.2681
85.73,8.2208,1.2681
85.74,8.2208,1.2681
85.75,8.2208,1.2681
85.76,8.2208,1.2681
85.77,8.2208,1.2681
85.78,8.2208,1.2681
85.79,8.2208,1.2681
85.8,8.2208,1.2681
85.81,8.2208,1.2681
85.82,8.2208,1.2681
85.83,8.2208,1.2681
85.84,8.0956,1.1429
85.85,8.0956,1.1429
85.86,8.0956,1.1429
85.87,8.0956,1.1429
85.88,8.0956,1.1429
85.89,8.0956,1.1429
85.9,8.0956,1.1429
85.91,8.0956,1.1429
85.92,8.0956,1.1429
85.93,8.0956,1.1429
85.94,8.0956,1.1429
85.95,8.0956,1.1429
85.96,8.0956,1.1429
85.97,8.0956,1.1429
85.98,8.0956,1.1429
85.99,8.0956,1.1429
86,8.0956,1.1429
86.01,8.0956,1.1429
86.02,8.0956,1.1429
86.03,8.0956,1.1429
86.04,8.0956,1.1429
86.05,8.0956,1.1429
86.06,8.0956,1.1429
86.07,8.0956,1.1429
86.08,8.0956,1.1429
86.09,8.0956,1.1429
86.1,8.0956,1.1429
86.11,8.0956,1.1429
86.12,8.0956,1.1429
86.13,8.0956,1.1429
86.14,8.0956,1.1429
86.15,8.0956,1.1429
86.16,8.0956,1.1429
86.17,8.0956,1.1429
86.18,8.0956,1.1429
86.19,8.0956,1.1429
86.2,8.0956,1.1429
86.21,8.0956,1.1429
86.22,8.0956,1.1429
86.23,8.0956,1.1429
86.24,8.0956,1.1429
86.25,8.0956,1.1429
86.26,8.0956,1.1429
86.27,8.0956,1.1429
86.28,8.0956,1.1429
86.29,8.0956,1.1429
86.3,8.0956,1.1429
86.31,8.0956,1.1429
86.32,8.0956,1.1429
86.33,8.0956,1.1429
86.34,8.0956,1.1429
86.35,8.0956,1.1429
86.36,8.0956,1.1429
86.37,8.0956,1.1429
86.38,8.0956,1.1429
86.39,8.0956,1.1429
86.4,8.0956,1.1429
86.41,8.0956,1.1429
86.42,8.0956,1.1429
86.43,8.0956,1.1429
86.44,8.0956,1.1429
86.45,8.0956,1.1429
86.46,8.0956,1.1429
86.47,8.0956,1.1429
86.48,8.0956,1.1429
86.49,8.0956,1.1429
86.5,8.0956,1.1429
86.51,8.0956,1.1429
86.52,8.0956,1.1429
86.53,8.0956,1.1429
86.54,8.0956,1.1429
86.55,8.0956,1.1429
86.56,8.0956,1.1429
86.57,8.0956,1.1429
86.58,8.0956,1.1429
86.59,8.0956,1.1429
86.6,8.0956,1.1429
86.61,8.0956,1.1429
86.62,8.0956,1.1429
86.63,8.0956,1.1429
86.64,8.0956,1.1429
86.65,8.0956,1.1429
86.66,8.0956,1.1429
86.67,7.9586,1.0059
86.68,7.9586,1.0059
86.69,7.9586,1.0059
86.7,7.9586,1.0059
86.71,7.9586,1.0059
86.72,7.9586,1.0059
86.73,7.9586,1.0059
86.74,7.9586,1.0059
86.75,7.9586,1.0059
86.76,7.9586,1.0059
86.77,7.9586,1.0059
86.78,7.9586,1.0059
86.79,7.9586,1.0059
86.8,7.9586,1.0059
86.81,7.9586,1.0059
86.82,7.9586,1.0059
86.83,7.9586,1.0059
86.84,7.9586,1.0059
86.85,7.9586,1.0059
86.86,7.9586,1.0059
86.87,7.9586,1.0059
86.88,7.9586,1.0059
86.89,7.9586,1.0059
86.9,7.9586,1.0059
86.91,7.9586,1.0059
86.92,7.9586,1.0059
86.93,7.9586,1.0059
86.94,7.9586,1.0059
86.95,7.9586,1.0059
86.96,7.9586,1.0059
86.97,7.9586,1.0059
86.98,7.9586,1.0059
86.99,7.9586,1.0059
87,7.9586,1.0059
87.01,7.9586,1.0059
87.02,7.9586,1.0059
87.03,7.9586,1.0059
87.04,7.9586,1.0059
87.05,7.9586,1.0059
87.06,7.9586,1.0059
87.07,7.9586,1.0059
87.08,7.9586,1.0059
87.09,7.9586,1.0059
87.1,7.9586,1.0059
87.11,7.9586,1.0059
87.12,7.9586,1.0059
87.13,7.9586,1.0059
87.14,7.9586,1.0059
87.15,7.9586,1.0059
87.16,7.9586,1.0059
87.17,7.9586,1.0059
87.18,7.9586,1.0059
87.19,7.9586,1.0059
87.2,7.9586,1.0059
87.21,7.9586,1.0059
87.22,7.9586,1.0059
87.23,7.9586,1.0059
87.24,7.9586,1.0059
87.25,7.9586,1.0059
87.26,7.9586,1.0059
87.27,7.9586,1.0059
87.28,7.9586,1.0059
87.29,7.9586,1.0059
87.3,7.9586,1.0059
87.31,7.9586,1.0059
87.32,7.9586,1.0059
87.33,7.9586,1.0059
87.34,7.9586,1.0059
87.35,7.9586,1.0059
87.36,7.9586,1.0059
87.37,7.9586,1.0059
87.38,7.9586,1.0059
87.39,7.9586,1.0059
87.4,7.9586,1.0059
87.41,7.9586,1.0059
87.42,7.9586,1.0059
87.43,7.9586,1.0059
87.44,7.9586,1.0059
87.45,7.9586,1.0059
87.46,7.9586,1.0059
87.47,7.9586,1.0059
87.48,7.9586,1.0059
87.49,7.9586,1.0059
87.5,7.9586,1.0059
87.51,7.8053,0.8526
87.52,7.8053,0.8526
87.53,7.8053,0.8526
87.54,7.8053,0.8526
87.55,7.8053,0.8526
87.56,7.8053,0.8526
87.57,7.8053,0.8526
87.58,7.8053,0.8526
87.59,7.8053,0.8526
87.6,7.8053,0.8526
87.61,7.8053,0.8526
87.62,7.8053,0.8526
87.63,7.8053,0.8526
87.64,7.8053,0.8526
87.65,7.8053,0.8526
87.66,7.8053,0.8526
87.67,7.8053,0.8526
87.68,7.8053,0.8526
87.69,7.8053,0.8526
87.7,7.8053,0.8526
87.71,7.8053,0.8526
87.72,7.8053,0.8526
87.73,7.8053,0.8526
87.74,7.8053,0.8526
87.75,7.8053,0.8526
87.76,7.8053,0.8526
87.77,7.8053,0.8526
87.78,7.8053,0.8526
87.79,7.8053,0.8526
87.8,7.8053,0.8526
87.81,7.8053,0.8526
87.82,7.8053,0.8526
87.83,7.8053,0.8526
87.84,7.8053,0.8526
87.85,7.8053,0.8526
87.86,7.8053,0.8526
87.87,7.8053,0.8526
87.88,7.8053,0.8526
87.89,7.8053,0.8526
87.9,7.8053,0.8526
87.91,7.8053,0.8526
87.92,7.8053,0.8526
87.93,7.8053,0.8526
87.94,7.8053,0.8526
87.95,7.8053,0.8526
87.96,7.8053,0.8526
87.97,7.8053,0.8526
87.98,7.8053,0.8526
87.99,7.8053,0.8526
88,7.8053,0.8526
88.01,7.8053,0.8526
88.02,7.8053,0.8526
88.03,7.8053,0.8526
88.04,7.8053,0.8526
88.05,7.8053,0.8526
88.06,7.8053,0.8526
88.07,7.8053,0.8526
88.08,7.8053,0.8526
88.09,7.8053,0.8526
88.1,7.8053,0.8526
88.11,7.8053,0.8526
88.12,7.8053,0.8526
88.13,7.8053,0.8526
88.14,7.8053,0.8526
88.15,7.8053,0.8526
88.16,7.8053,0.8526
88.17,7.8053,0.8526
88.18,7.8053,0.8526
88.19,7.8053,0.8526
88.2,7.8053,0.8526
88.21,7.8053,0.8526
88.22,7.8053,0.8526
88.23,7.8053,0.8526
88.24,7.8053,0.8526
88.25,7.8053,0.8526
88.26,7.8053,0.8526
88.27,7.8053,0.8526
88.28,7.8053,0.8526
88.29,7.8053,0.8526
88.3,7.8053,0.8526
88.31,7.8053,0.8526
88.32,7.8053,0.8526
88.33,7.8053,0.8526
88.34,7.6273,0.6746
88.35,7.6273,0.6746
88.36,7.6273,0.6746
88.37,7.6273,0.6746
88.38,7.6273,0.6746
88.39,7.6273,0.6746
88.4,7.6273,0.6746
88.41,7.6273,0.6746
88.42,7.6273,0.6746
88.43,7.6273,0.6746
88.44,7.6273,0.6746
88.45,7.6273,0.6746
88.46,7.6273,0.6746
88.47,7.6273,0.6746
88.48,7.6273,0.6746
88.49,7.6273,0.6746
88.5,7.6273,0.6746
88.51,7.6273,0.6746
88.52,7.6273,0.6746
88.53,7.6273,0.6746
88.54,7.6273,0.6746
88.55,7.6273,0.6746
88.56,7.6273,0.6746
88.57,7.6273,0.6746
88.58,7.6273,0.6746
88.59,7.6273,0.6746
88.6,7.6273,0.6746
88.61,7.6273,0.6746
88.62,7.6273,0.6746
88.63,7.6273,0.6746
88.64,7.6273,0.6746
88.65,7.6273,0.6746
88.66,7.6273,0.6746
88.67,7.6273,0.6746
88.68,7.6273,0.6746
88.69,7.6273,0.6746
88.7,7.6273,0.6746
88.71,7.6273,0.6746
88.72,7.6273,0.6746
88.73,7.6273,0.6746
88.74,7.6273,0.6746
88.75,7.6273,0.6746
88.76,7.6273,0.6746
88.77,7.6273,0.6746
88.78,7.6273,0.6746
88.79,7.6273,0.6746
88.8,7.6273,0.6746
88.81,7.6273,0.6746
88.82,7.6273,0.6746
88.83,7.6273,0.6746
88.84,7.6273,0.6746
88.85,7.6273,0.6746
88.86,7.6273,0.6746
88.87,7.6273,0.6746
88.88,7.6273,0.6746
88.89,7.6273,0.6746
88.9,7.6273,0.6746
88.91,7.6273,0.6746
88.92,7.6273,0.6746
88.93,7.6273,0.6746
88.94,7.6273,0.6746
88.95,7.6273,0.6746
88.96,7.6273,0.6746
88.97,7.6273,0.6746
88.98,7.6273,0.6746
88.99,7.6273,0.6746
89,7.6273,0.6746
89.01,7.6273,0.6746
89.02,7.6273,0.6746
89.03,7.6273,0.6746
89.04,7.6273,0.6746
89.05,7.6273,0.6746
89.06,7.6273,0.6746
89.07,7.6273,0.6746
89.08,7.6273,0.6746
89.09,7.6273,0.6746
89.1,7.6273,0.6746
89.11,7.6273,0.6746
89.12,7.6273,0.6746
89.13,7.6273,0.6746
89.14,7.6273,0.6746
89.15,7.6273,0.6746
89.16,7.6273,0.6746
89.17,7.4224,0.4697
89.18,7.4224,0.4697
89.19,7.4224,0.4697
89.2,7.4224,0.4697
89.21,7.4224,0.4697
89.22,7.4224,0.4697
89.23,7.4224,0.4697
89.24,7.4224,0.4697
89.25,7.4224,0.4697
89.26,7.4224,0.4697
89.27,7.4224,0.4697
89.28,7.4224,0.4697
89.29,7.4224,0.4697
89.3,7.4224,0.4697
89.31,7.4224,0.4697
89.32,7.4224,0.4697
89.33,7.4224,0.4697
89.34,7.4224,0.4697
89.35,7.4224,0.4697
89.36,7.4224,0.4697
89.37,7.4224,0.4697
89.38,7.4224,0.4697
89.39,7.4224,0.4697
89.4,7.4224,0.4697
89.41,7.4224,0.4697
89.42,7.4224,0.4697
89.43,7.4224,0.4697
89.44,7.4224,0.4697
89.45,7.4224,0.4697
89.46,7.4224,0.4697
89.47,7.4224,0.4697
89.48,7.4224,0.4697
89.49,7.4224,0.4697
89.5,7.4224,0.4697
89.51,7.4224,0.4697
89.52,7.4224,0.4697
89.53,7.4224,0.4697
89.54,7.4224,0.4697
89.55,7.4224,0.4697
89.56,7.4224,0.4697
89.57,7.4224,0.4697
89.58,7.4224,0.4697
89.59,7.4224,0.4697
89.6,7.4224,0.4697
89.61,7.4224,0.4697
89.62,7.4224,0.4697
89.63,7.4224,0.4697
89.64,7.4224,0.4697
89.65,7.4224,0.4697
89.66,7.4224,0.4697
89.67,7.4224,0.4697
89.68,7.4224,0.4697
89.69,7.4224,0.4697
89.7,7.4224,0.4697
89.71,7.4224,0.4697
89.72,7.4224,0.4697
89.73,7.4224,0.4697
89.74,7.4224,0.4697
89.75,7.4224,0.4697
89.76,7.4224,0.4697
89.77,7.4224,0.4697
89.78,7.4224,0.4697
89.79,7.4224,0.4697
89.8,7.4224,0.4697
89.81,7.4224,0.4697
89.82,7.4224,0.4697
89.83,7.4224,0.4697
89.84,7.4224,0.4697
89.85,7.4224,0.4697
89.86,7.4224,0.4697
89.87,7.4224,0.4697
89.88,7.4224,0.4697
89.89,7.4224,0.4697
89.9,7.4224,0.4697
89.91,7.4224,0.4697
89.92,7.4224,0.4697
89.93,7.4224,0.4697
89.94,7.4224,0.4697
89.95,7.4224,0.4697
89.96,7.4224,0.4697
89.97,7.4224,0.4697
89.98,7.4224,0.4697
89.99,7.4224,0.4697
90,7.4224,0.4697
90.01,7.1863,0.2336
90.02,7.1863,0.2336
90.03,7.1863,0.2336
90.04,7.1863,0.2336
90.05,7.1863,0.2336
90.06,7.1863,0.2336
90.07,7.1863,0.2336
90.08,7.1863,0.2336
90.09,7.1863,0.2336
90.1,7.1863,0.2336
90.11,7.1863,0.2336
90.12,7.1863,0.2336
90.13,7.1863,0.2336
90.14,7.1863,0.2336
90.15,7.1863,0.2336
90.16,7.1863,0.2336
90.17,7.1863,0.2336
90.18,7.1863,0.2336
90.19,7.1863,0.2336
90.2,7.1863,0.2336
90.21,7.1863,0.2336
90.22,7.1863,0.2336
90.23,7.1863,0.2336
90.24,7.1863,0.2336
90.25,7.1863,0.2336
90.26,7.1863,0.2336
90.27,7.1863,0.2336
90.28,7.1863,0.2336
90.29,7.1863,0.2336
90.3,7.1863,0.2336
90.31,7.1863,0.2336
90.32,7.1863,0.2336
90.33,7.1863,0.2336
90.34,7.1863,0.2336
90.35,7.1863,0.2336
90.36,7.1863,0.2336
90.37,7.1863,0.2336
90.38,7.1863,0.2336
90.39,7.1863,0.2336
90.4,7.1863,0.2336
90.41,7.1863,0.2336
90.42,7.1863,0.2336
90.43,7.1863,0.2336
90.44,7.1863,0.2336
90.45,7.1863,0.2336
90.46,7.1863,0.2336
90.47,7.1863,0.2336
90.48,7.1863,0.2336
90.49,7.1863,0.2336
90.5,7.1863,0.2336
90.51,7.1863,0.2336
90.52,7.1863,0.2336
90.53,7.1863,0.2336
90.54,7.1863,0.2336
90.55,7.1863,0.2336
90.56,7.1863,0.2336
90.57,7.1863,0.2336
90.58,7.1863,0.2336
90.59,7.1863,0.2336
90.6,7.1863,0.2336
90.61,7.1863,0.2336
90.62,7.1863,0.2336
90.63,7.1863,0.2336
90.64,7.1863,0.2336
90.65,7.1863,0.2336
90.66,7.1863,0.2336
90.67,7.1863,0.2336
90.68,7.1863,0.2336
90.69,7.1863,0.2336
90.7,7.1863,0.2336
90.71,7.1863,0.2336
90.72,7.1863,0.2336
90.73,7.1863,0.2336
90.74,7.1863,0.2336
90.75,7.1863,0.2336
90.76,7.1863,0.2336
90.77,7.1863,0.2336
90.78,7.1863,0.2336
90.79,7.1863,0.2336
90.8,7.1863,0.2336
90.81,7.1863,0.2336
90.82,7.1863,0.2336
90.83,7.1863,0.2336
90.84,6.9095,0.0432
90.85,6.9095,0.0432
90.86,6.9095,0.0432
90.87,6.9095,0.0432
90.88,6.9095,0.0432
90.89,6.9095,0.0432
90.9,6.9095,0.0432
90.91,6.9095,0.0432
90.92,6.9095,0.0432
90.93,6.9095,0.0432
90.94,6.9095,0.0432
90.95,6.9095,0.0432
90.96,6.9095,0.0432
90.97,6.9095,0.0432
90.98,6.9095,0.0432
90.99,6.9095,0.0432
91,6.9095,0.0432
91.01,6.9095,0.0432
91.02,6.9095,0.0432
91.03,6.9095,0.0432
91.04,6.9095,0.0432
91.05,6.9095,0.0432
91.06,6.9095,0.0432
91.07,6.9095,0.0432
91.08,6.9095,0.0432
91.09,6.9095,0.0432
91.1,6.9095,0.0432
91.11,6.9095,0.0432
91.12,6.9095,0.0432
91.13,6.9095,0.0432
91.14,6.9095,0.0432
91.15,6.9095,0.0432
91.16,6.9095,0.0432
91.17,6.9095,0.0432
91.18,6.9095,0.0432
91.19,6.9095,0.0432
91.2,6.9095,0.0432
91.21,6.9095,0.0432
91.22,6.9095,0.0432
91.23,6.9095,0.0432
91.24,6.9095,0.0432
91.25,6.9095,0.0432
91.26,6.9095,0.0432
91.27,6.9095,0.0432
91.28,6.9095,0.0432
91.29,6.9095,0.0432
91.3,6.9095,0.0432
91.31,6.9095,0.0432
91.32,6.9095,0.0432
91.33,6.9095,0.0432
91.34,6.9095,0.0432
91.35,6.9095,0.0432
91.36,6.9095,0.0432
91.37,6.9095,0.0432
91.38,6.9095,0.0432
91.39,6.9095,0.0432
91.4,6.9095,0.0432
91.41,6.9095,0.0432
91.42,6.9095,0.0432
91.43,6.9095,0.0432
91.44,6.9095,0.0432
91.45,6.9095,0.0432
91.46,6.9095,0.0432
91.47,6.9095,0.0432
91.48,6.9095,0.0432
91.49,6.9095,0.0432
91.5,6.9095,0.0432
91.51,6.9095,0.0432
91.52,6.9095,0.0432
91.53,6.9095,0.0432
91.54,6.9095,0.0432
91.55,6.9095,0.0432
91.56,6.9095,0.0432
91.57,6.9095,0.0432
91.58,6.9095,0.0432
91.59,6.9095,0.0432
91.6,6.9095,0.0432
91.61,6.9095,0.0432
91.62,6.9095,0.0432
91.63,6.9095,0.0432
91.64,6.9095,0.0432
91.65,6.9095,0.0432
91.66,6.9095,0.0432
91.67,6.581,0.3717
91.68,6.581,0.3717
91.69,6.581,0.3717
91.7,6.581,0.3717
91.71,6.581,0.3717
91.72,6.581,0.3717
91.73,6.581,0.3717
91.74,6.581,0.3717
91.75,6.581,0.3717
91.76,6.581,0.3717
91.77,6.581,0.3717
91.78,6.581,0.3717
91.79,6.581,0.3717
91.8,6.581,0.3717
91.81,6.581,0.3717
91.82,6.581,0.3717
91.83,6.581,0.3717
91.84,6.581,0.3717
91.85,6.581,0.3717
91.86,6.581,0.3717
91.87,6.581,0.3717
91.88,6.581,0.3717
91.89,6.581,0.3717
91.9,6.581,0.3717
91.91,6.581,0.3717
91.92,6.581,0.3717
91.93,6.581,0.3717
91.94,6.581,0.3717
91.95,6.581,0.3717
91.96,6.581,0.3717
91.97,6.581,0.3717
91.98,6.581,0.3717
91.99,6.581,0.3717
92,6.581,0.3717
92.01,6.581,0.3717
92.02,6.581,0.3717
92.03,6.581,0.3717
92.04,6.581,0.3717
92.05,6.581,0.3717
92.06,6.581,0.3717
92.07,6.581,0.3717
92.08,6.581,0.3717
92.09,6.581,0.3717
92.1,6.581,0.3717
92.11,6.581,0.3717
92.12,6.581,0.3717
92.13,6.581,0.3717
92.14,6.581,0.3717
92.15,6.581,0.3717
92.16,6.581,0.3717
92.17,6.581,0.3717
92.18,6.581,0.3717
92.19,6.581,0.3717
92.2,6.581,0.3717
92.21,6.581,0.3717
92.22,6.581,0.3717
92.23,6.581,0.3717
92.24,6.581,0.3717
92.25,6.581,0.3717
92.26,6.581,0.3717
92.27,6.581,0.3717
92.28,6.581,0.3717
92.29,6.581,0.3717
92.3,6.581,0.3717
92.31,6.581,0.3717
92.32,6.581,0.3717
92.33,6.581,0.3717
92.34,6.581,0.3717
92.35,6.581,0.3717
92.36,6.581,0.3717
92.37,6.581,0.3717
92.38,6.581,0.3717
92.39,6.581,0.3717
92.4,6.581,0.3717
92.41,6.581,0.3717
92.42,6.581,0.3717
92.43,6.581,0.3717
92.44,6.581,0.3717
92.45,6.581,0.3717
92.46,6.581,0.3717
92.47,6.581,0.3717
92.48,6.581,0.3717
92.49,6.581,0.3717
92.5,6.581,0.3717
92.51,6.1962,0.7565
92.52,6.1962,0.7565
92.53,6.1962,0.7565
92.54,6.1962,0.7565
92.55,6.1962,0.7565
92.56,6.1962,0.7565
92.57,6.1962,0.7565
92.58,6.1962,0.7565
92.59,6.1962,0.7565
92.6,6.1962,0.7565
92.61,6.1962,0.7565
92.62,6.1962,0.7565
92.63,6.1962,0.7565
92.64,6.1962,0.7565
92.65,6.1962,0.7565
92.66,6.1962,0.7565
92.67,6.1962,0.7565
92.68,6.1962,0.7565
92.69,6.1962,0.7565
92.7,6.1962,0.7565
92.71,6.1962,0.7565
92.72,6.1962,0.7565
92.73,6.1962,0.7565
92.74,6.1962,0.7565
92.75,6.1962,0.7565
92.76,6.1962,0.7565
92.77,6.1962,0.7565
92.78,6.1962,0.7565
92.79,6.1962,0.7565
92.8,6.1962,0.7565
92.81,6.1962,0.7565
92.82,6.1962,0.7565
92.83,6.1962,0.7565
92.84,6.1962,0.7565
92.85,6.1962,0.7565
92.86,6.1962,0.7565
92.87,6.1962,0.7565
92.88,6.1962,0.7565
92.89,6.1962,0.7565
92.9,6.1962,0.7565
92.91,6.1962,0.7565
92.92,6.1962,0.7565
92.93,6.1962,0.7565
92.94,6.1962,0.7565
92.95,6.1962,0.7565
92.96,6.1962,0.7565
92.97,6.1962,0.7565
92.98,6.1962,0.7565
92.99,6.1962,0.7565
93,6.1962,0.7565
93.01,6.1962,0.7565
93.02,6.1962,0.7565
93.03,6.1962,0.7565
93.04,6.1962,0.7565
93.05,6.1962,0.7565
93.06,6.1962,0.7565
93.07,6.1962,0.7565
93.08,6.1962,0.7565
93.09,6.1962,0.7565
93.1,6.1962,0.7565
93.11,6.1962,0.7565
93.12,6.1962,0.7565
93.13,6.1962,0.7565
93.14,6.1962,0.7565
93.15,6.1962,0.7565
93.16,6.1962,0.7565
93.17,6.1962,0.7565
93.18,6.1962,0.7565
93.19,6.1962,0.7565
93.2,6.1962,0.7565
93.21,6.1962,0.7565
93.22,6.1962,0.7565
93.23,6.1962,0.7565
93.24,6.1962,0.7565
93.25,6.1962,0.7565
93.26,6.1962,0.7565
93.27,6.1962,0.7565
93.28,6.1962,0.7565
93.29,6.1962,0.7565
93.3,6.1962,0.7565
93.31,6.1962,0.7565
93.32,6.1962,0.7565
93.33,6.1962,0.7565
93.34,5.7557,1.197
93.35,5.7557,1.197
93.36,5.7557,1.197
93.37,5.7557,1.197
93.38,5.7557,1.197
93.39,5.7557,1.197
93.4,5.7557,1.197
93.41,5.7557,1.197
93.42,5.7557,1.197
93.43,5.7557,1.197
93.44,5.7557,1.197
93.45,5.7557,1.197
93.46,5.7557,1.197
93.47,5.7557,1.197
93.48,5.7557,1.197
93.49,5.7557,1.197
93.5,5.7557,1.197
93.51,5.7557,1.197
93.52,5.7557,1.197
93.53,5.7557,1.197
93.54,5.7557,1.197
93.55,5.7557,1.197
93.56,5.7557,1.197
93.57,5.7557,1.197
93.58,5.7557,1.197
93.59,5.7557,1.197
93.6,5.7557,1.197
93.61,5.7557,1.197
93.62,5.7557,1.197
93.63,5.7557,1.197
93.64,5.7557,1.197
93.65,5.7557,1.197
93.66,5.7557,1.197
93.67,5.7557,1.197
93.68,5.7557,1.197
93.69,5.7557,1.197
93.7,5.7557,1.197
93.71,5.7557,1.197
93.72,5.7557,1.197
93.73,5.7557,1.197
93.74,5.7557,1.197
93.75,5.7557,1.197
93.76,5.7557,1.197
93.77,5.7557,1.197
93.78,5.7557,1.197
93.79,5.7557,1.197
93.8,5.7557,1.197
93.81,5.7557,1.197
93.82,5.7557,1.197
93.83,5.7557,1.197
93.84,5.7557,1.197
93.85,5.7557,1.197
93.86,5.7557,1.197
93.87,5.7557,1.197
93.88,5.7557,1.197
93.89,5.7557,1.197
93.9,5.7557,1.197
93.91,5.7557,1.197
93.92,5.7557,1.197
93.93,5.7557,1.197
93.94,5.7557,1.197
93.95,5.7557,1.197
93.96,5.7557,1.197
93.97,5.7557,1.197
93.98,5.7557,1.197
93.99,5.7557,1.197
94,5.7557,1.197
94.01,5.7557,1.197
94.02,5.7557,1.197
94.03,5.7557,1.197
94.04,5.7557,1.197
94.05,5.7557,1.197
94.06,5.7557,1.197
94.07,5.7557,1.197
94.08,5.7557,1.197
94.09,5.7557,1.197
94.1,5.7557,1.197
94.11,5.7557,1.197
94.12,5.7557,1.197
94.13,5.7557,1.197
94.14,5.7557,1.197
94.15,5.7557,1.197
94.16,5.7557,1.197
94.17,5.2505,1.7022
94.18,5.2505,1.7022
94.19,5.2505,1.7022
94.2,5.2505,1.7022
94.21,5.2505,1.7022
94.22,5.2505,1.7022
94.23,5.2505,1.7022
94.24,5.2505,1.7022
94.25,5.2505,1.7022
94.26,5.2505,1.7022
94.27,5.2505,1.7022
94.28,5.2505,1.7022
94.29,5.2505,1.7022
94.3,5.2505,1.7022
94.31,5.2505,1.7022
94.32,5.2505,1.7022
94.33,5.2505,1.7022
94.34,5.2505,1.7022
94.35,5.2505,1.7022
94.36,5.2505,1.7022
94.37,5.2505,1.7022
94.38,5.2505,1.7022
94.39,5.2505,1.7022
94.4,5.2505,1.7022
94.41,5.2505,1.7022
94.42,5.2505,1.7022
94.43,5.2505,1.7022
94.44,5.2505,1.7022
94.45,5.2505,1.7022
94.46,5.2505,1.7022
94.47,5.2505,1.7022
94.48,5.2505,1.7022
94.49,5.2505,1.7022
94.5,5.2505,1.7022
94.51,5.2505,1.7022
94.52,5.2505,1.7022
94.53,5.2505,1.7022
94.54,5.2505,1.7022
94.55,5.2505,1.7022
94.56,5.2505,1.7022
94.57,5.2505,1.7022
94.58,5.2505,1.7022
94.59,5.2505,1.7022
94.6,5.2505,1.7022
94.61,5.2505,1.7022
94.62,5.2505,1.7022
94.63,5.2505,1.7022
94.64,5.2505,1.7022
94.65,5.2505,1.7022
94.66,5.2505,1.7022
94.67,5.2505,1.7022
94.68,5.2505,1.7022
94.69,5.2505,1.7022
94.7,5.2505,1.7022
94.71,5.2505,1.7022
94.72,5.2505,1.7022
94.73,5.2505,1.7022
94.74,5.2505,1.7022
94.75,5.2505,1.7022
94.76,5.2505,1.7022
94.77,5.2505,1.7022
94.78,5.2505,1.7022
94.79,5.2505,1.7022
94.8,5.2505,1.7022
94.81,5.2505,1.7022
94.82,5.2505,1.7022
94.83,5.2505,1.7022
94.84,5.2505,1.7022
94.85,5.2505,1.7022
94.86,5.2505,1.7022
94.87,5.2505,1.7022
94.88,5.2505,1.7022
94.89,5.2505,1.7022
94.9,5.2505,1.7022
94.91,5.2505,1.7022
94.92,5.2505,1.7022
94.93,5.2505,1.7022
94.94,5.2505,1.7022
94.95,5.2505,1.7022
94.96,5.2505,1.7022
94.97,5.2505,1.7022
94.98,5.2505,1.7022
94.99,5.2505,1.7022
95,5.2505,1.7022
95.01,4.6875,2.2652
95.02,4.6875,2.2652
95.03,4.6875,2.2652
95.04,4.6875,2.2652
95.05,4.6875,2.2652
95.06,4.6875,2.2652
95.07,4.6875,2.2652
95.08,4.6875,2.2652
95.09,4.6875,2.2652
95.1,4.6875,2.2652
95.11,4.6875,2.2652
95.12,4.6875,2.2652
95.13,4.6875,2.2652
95.14,4.6875,2.2652
95.15,4.6875,2.2652
95.16,4.6875,2.2652
95.17,4.6875,2.2652
95.18,4.6875,2.2652
95.19,4.6875,2.2652
95.2,4.6875,2.2652
95.21,4.6875,2.2652
95.22,4.6875,2.2652
95.23,4.6875,2.2652
95.24,4.6875,2.2652
95.25,4.6875,2.2652
95.26,4.6875,2.2652
95.27,4.6875,2.2652
95.28,4.6875,2.2652
95.29,4.6875,2.2652
95.3,4.6875,2.2652
95.31,4.6875,2.2652
95.32,4.6875,2.2652
95.33,4.6875,2.2652
95.34,4.6875,2.2652
95.35,4.6875,2.2652
95.36,4.6875,2.2652
95.37,4.6875,2.2652
95.38,4.6875,2.2652
95.39,4.6875,2.2652
95.4,4.6875,2.2652
95.41,4.6875,2.2652
95.42,4.6875,2.2652
95.43,4.6875,2.2652
95.44,4.6875,2.2652
95.45,4.6875,2.2652
95.46,4.6875,2.2652
95.47,4.6875,2.2652
95.48,4.6875,2.2652
95.49,4.6875,2.2652
95.5,4.6875,2.2652
95.51,4.6875,2.2652
95.52,4.6875,2.2652
95.53,4.6875,2.2652
95.54,4.6875,2.2652
95.55,4.6875,2.2652
95.56,4.6875,2.2652
95.57,4.6875,2.2652
95.58,4.6875,2.2652
95.59,4.6875,2.2652
95.6,4.6875,2.2652
95.61,4.6875,2.2652
95.62,4.6875,2.2652
95.63,4.6875,2.2652
95.64,4.6875,2.2652
95.65,4.6875,2.2652
95.66,4.6875,2.2652
95.67,4.6875,2.2652
95.68,4.6875,2.2652
95.69,4.6875,2.2652
95.7,4.6875,2.2652
95.71,4.6875,2.2652
95.72,4.6875,2.2652
95.73,4.6875,2.2652
95.74,4.6875,2.2652
95.75,4.6875,2.2652
95.76,4.6875,2.2652
95.77,4.6875,2.2652
95.78,4.6875,2.2652
95.79,4.6875,2.2652
95.8,4.6875,2.2652
95.81,4.6875,2.2652
95.82,4.6875,2.2652
95.83,4.6875,2.2652
95.84,4.0934,2.8593
95.85,4.0934,2.8593
95.86,4.0934,2.8593
95.87,4.0934,2.8593
95.88,4.0934,2.8593
95.89,4.0934,2.8593
95.9,4.0934,2.8593
95.91,4.0934,2.8593
95.92,4.0934,2.8593
95.93,4.0934,2.8593
95.94,4.0934,2.8593
95.95,4.0934,2.8593
95.96,4.0934,2.8593
95.97,4.0934,2.8593
95.98,4.0934,2.8593
95.99,4.0934,2.8593
96,4.0934,2.8593
96.01,4.0934,2.8593
96.02,4.0934,2.8593
96.03,4.0934,2.8593
96.04,4.0934,2.8593
96.05,4.0934,2.8593
96.06,4.0934,2.8593
96.07,4.0934,2.8593
96.08,4.0934,2.8593
96.09,4.0934,2.8593
96.1,4.0934,2.8593
96.11,4.0934,2.8593
96.12,4.0934,2.8593
96.13,4.0934,2.8593
96.14,4.0934,2.8593
96.15,4.0934,2.8593
96.16,4.0934,2.8593
96.17,4.0934,2.8593
96.18,4.0934,2.8593
96.19,4.0934,2.8593
96.2,4.0934,2.8593
96.21,4.0934,2.8593
96.22,4.0934,2.8593
96.23,4.0934,2.8593
96.24,4.0934,2.8593
96.25,4.0934,2.8593
96.26,4.0934,2.8593
96.27,4.0934,2.8593
96.28,4.0934,2.8593
96.29,4.0934,2.8593
96.3,4.0934,2.8593
96.31,4.0934,2.8593
96.32,4.0934,2.8593
96.33,4.0934,2.8593
96.34,4.0934,2.8593
96.35,4.0934,2.8593
96.36,4.0934,2.8593
96.37,4.0934,2.8593
96.38,4.0934,2.8593
96.39,4.0934,2.8593
96.4,4.0934,2.8593
96.41,4.0934,2.8593
96.42,4.0934,2.8593
96.43,4.0934,2.8593
96.44,4.0934,2.8593
96.45,4.0934,2.8593
96.46,4.0934,2.8593
96.47,4.0934,2.8593
96.48,4.0934,2.8593
96.49,4.0934,2.8593
96.5,4.0934,2.8593
96.51,4.0934,2.8593
96.52,4.0934,2.8593
96.53,4.0934,2.8593
96.54,4.0934,2.8593
96.55,4.0934,2.8593
96.56,4.0934,2.8593
96.57,4.0934,2.8593
96.58,4.0934,2.8593
96.59,4.0934,2.8593
96.6,4.0934,2.8593
96.61,4.0934,2.8593
96.62,4.0934,2.8593
96.63,4.0934,2.8593
96.64,4.0934,2.8593
96.65,4.0934,2.8593
96.66,4.0934,2.8593
96.67,3.4967,3.456
96.68,3.4967,3.456
96.69,3.4967,3.456
96.7,3.4967,3.456
96.71,3.4967,3.456
96.72,3.4967,3.456
96.73,3.4967,3.456
96.74,3.4967,3.456
96.75,3.4967,3.456
96.76,3.4967,3.456
96.77,3.4967,3.456
96.78,3.4967,3.456
96.79,3.4967,3.456
96.8,3.4967,3.456
96.81,3.4967,3.456
96.82,3.4967,3.456
96.83,3.4967,3.456
96.84,3.4967,3.456
96.85,3.4967,3.456
96.86,3.4967,3.456
96.87,3.4967,3.456
96.88,3.4967,3.456
96.89,3.4967,3.456
96.9,3.4967,3.456
96.91,3.4967,3.456
96.92,3.4967,3.456
96.93,3.4967,3.456
96.94,3.4967,3.456
96.95,3.4967,3.456
96.96,3.4967,3.456
96.97,3.4967,3.456
96.98,3.4967,3.456
96.99,3.4967,3.456
97,3.4967,3.456
97.01,3.4967,3.456
97.02,3.4967,3.456
97.03,3.4967,3.456
97.04,3.4967,3.456
97.05,3.4967,3.456
97.06,3.4967,3.456
97.07,3.4967,3.456
97.08,3.4967,3.456
97.09,3.4967,3.456
97.1,3.4967,3.456
97.11,3.4967,3.456
97.12,3.4967,3.456
97.13,3.4967,3.456
97.14,3.4967,3.456
97.15,3.4967,3.456
97.16,3.4967,3.456
97.17,3.4967,3.456
97.18,3.4967,3.456
97.19,3.4967,3.456
97.2,3.4967,3.456
97.21,3.4967,3.456
97.22,3.4967,3.456
97.23,3.4967,3.456
97.24,3.4967,3.456
97.25,3.4967,3.456
97.26,3.4967,3.456
97.27,3.4967,3.456
97.28,3.4967,3.456
97.29,3.4967,3.456
97.3,3.4967,3.456
97.31,3.4967,3.456
97.32,3.4967,3.456
97.33,3.4967,3.456
97.34,3.4967,3.456
97.35,3.4967,3.456
97.36,3.4967,3.456
97.37,3.4967,3.456
97.38,3.4967,3.456
97.39,3.4967,3.456
97.4,3.4967,3.456
97.41,3.4967,3.456
97.42,3.4967,3.456
97.43,3.4967,3.456
97.44,3.4967,3.456
97.45,3.4967,3.456
97.46,3.4967,3.456
97.47,3.4967,3.456
97.48,3.4967,3.456
97.49,3.4967,3.456
97.5,3.4967,3.456
97.51,2.9527,4
97.52,2.9527,4
97.53,2.9527,4
97.54,2.9527,4
97.55,2.9527,4
97.56,2.9527,4
97.57,2.9527,4
97.58,2.9527,4
97.59,2.9527,4
97.6,2.9527,4
97.61,2.9527,4
97.62,2.9527,4
97.63,2.9527,4
97.64,2.9527,4
97.65,2.9527,4
97.66,2.9527,4
97.67,2.9527,4
97.68,2.9527,4
97.69,2.9527,4
97.7,2.9527,4
97.71,2.9527,4
97.72,2.9527,4
97.73,2.9527,4
97.74,2.9527,4
97.75,2.9527,4
97.76,2.9527,4
97.77,2.9527,4
97.78,2.9527,4
97.79,2.9527,4
97.8,2.9527,4
97.81,2.9527,4
97.82,2.9527,4
97.83,2.9527,4
97.84,2.9527,4
97.85,2.9527,4
97.86,2.9527,4
97.87,2.9527,4
97.88,2.9527,4
97.89,2.9527,4
97.9,2.9527,4
97.91,2.9527,4
97.92,2.9527,4
97.93,2.9527,4
97.94,2.9527,4
97.95,2.9527,4
97.96,2.9527,4
97.97,2.9527,4
97.98,2.9527,4
97.99,2.9527,4
98,2.9527,4
98.01,2.9527,4
98.02,2.9527,4
98.03,2.9527,4
98.04,2.9527,4
98.05,2.9527,4
98.06,2.9527,4
98.07,2.9527,4
98.08,2.9527,4
98.09,2.9527,4
98.1,2.9527,4
98.11,2.9527,4
98.12,2.9527,4
98.13,2.9527,4
98.14,2.9527,4
98.15,2.9527,4
98.16,2.9527,4
98.17,2.9527,4
98.18,2.9527,4
98.19,2.9527,4
98.2,2.9527,4
98.21,2.9527,4
98.22,2.9527,4
98.23,2.9527,4
98.24,2.9527,4
98.25,2.9527,4
98.26,2.9527,4
98.27,2.9527,4
98.28,2.9527,4
98.29,2.9527,4
98.3,2.9527,4
98.31,2.9527,4
98.32,2.9527,4
98.33,2.9527,4
98.34,2.5052,4.4475
98.35,2.5052,4.4475
98.36,2.5052,4.4475
98.37,2.5052,4.4475
98.38,2.5052,4.4475
98.39,2.5052,4.4475
98.4,2.5052,4.4475
98.41,2.5052,4.4475
98.42,2.5052,4.4475
98.43,2.5052,4.4475
98.44,2.5052,4.4475
98.45,2.5052,4.4475
98.46,2.5052,4.4475
98.47,2.5052,4.4475
98.48,2.5052,4.4475
98.49,2.5052,4.4475
98.5,2.5052,4.4475
98.51,2.5052,4.4475
98.52,2.5052,4.4475
98.53,2.5052,4.4475
98.54,2.5052,4.4475
98.55,2.5052,4.4475
98.56,2.5052,4.4475
98.57,2.5052,4.4475
98.58,2.5052,4.4475
98.59,2.5052,4.4475
98.6,2.5052,4.4475
98.61,2.5052,4.4475
98.62,2.5052,4.4475
98.63,2.5052,4.4475
98.64,2.5052,4.4475
98.65,2.5052,4.4475
98.66,2.5052,4.4475
98.67,2.5052,4.4475
98.68,2.5052,4.4475
98.69,2.5052,4.4475
98.7,2.5052,4.4475
98.71,2.5052,4.4475
98.72,2.5052,4.4475
98.73,2.5052,4.4475
98.74,2.5052,4.4475
98.75,2.5052,4.4475
98.76,2.5052,4.4475
98.77,2.5052,4.4475
98.78,2.5052,4.4475
98.79,2.5052,4.4475
98.8,2.5052,4.4475
98.81,2.5052,4.4475
98.82,2.5052,4.4475
98.83,2.5052,4.4475
98.84,2.5052,4.4475
98.85,2.5052,4.4475
98.86,2.5052,4.4475
98.87,2.5052,4.4475
98.88,2.5052,4.4475
98.89,2.5052,4.4475
98.9,2.5052,4.4475
98.91,2.5052,4.4475
98.92,2.5052,4.4475
98.93,2.5052,4.4475
98.94,2.5052,4.4475
98.95,2.5052,4.4475
98.96,2.5052,4.4475
98.97,2.5052,4.4475
98.98,2.5052,4.4475
98.99,2.5052,4.4475
99,2.5052,4.4475
99.01,2.5052,4.4475
99.02,2.5052,4.4475
99.03,2.5052,4.4475
99.04,2.5052,4.4475
99.05,2.5052,4.4475
99.06,2.5052,4.4475
99.07,2.5052,4.4475
99.08,2.5052,4.4475
99.09,2.5052,4.4475
99.1,2.5052,4.4475
99.11,2.5052,4.4475
99.12,2.5052,4.4475
99.13,2.5052,4.4475
99.14,2.5052,4.4475
99.15,2.5052,4.4475
99.16,2.5052,4.4475
99.17,2.1633,4.7894
99.18,2.1633,4.7894
99.19,2.1633,4.7894
99.2,2.1633,4.7894
99.21,2.1633,4.7894
99.22,2.1633,4.7894
99.23,2.1633,4.7894
99.24,2.1633,4.7894
99.25,2.1633,4.7894
99.26,2.1633,4.7894
99.27,2.1633,4.7894
99.28,2.1633,4.7894
99.29,2.1633,4.7894
99.3,2.1633,4.7894
99.31,2.1633,4.7894
99.32,2.1633,4.7894
99.33,2.1633,4.7894
99.34,2.1633,4.7894
99.35,2.1633,4.7894
99.36,2.1633,4.7894
99.37,2.1633,4.7894
99.38,2.1633,4.7894
99.39,2.1633,4.7894
99.4,2.1633,4.7894
99.41,2.1633,4.7894
99.42,2.1633,4.7894
99.43,2.1633,4.7894
99.44,2.1633,4.7894
99.45,2.1633,4.7894
99.46,2.1633,4.7894
99.47,2.1633,4.7894
99.48,2.1633,4.7894
99.49,2.1633,4.7894
99.5,2.1633,4.7894
99.51,2.1633,4.7894
99.52,2.1633,4.7894
99.53,2.1633,4.7894
99.54,2.1633,4.7894
99.55,2.1633,4.7894
99.56,2.1633,4.7894
99.57,2.1633,4.7894
99.58,2.1633,4.7894
99.59,2.1633,4.7894
99.6,2.1633,4.7894
99.61,2.1633,4.7894
99.62,2.1633,4.7894
99.63,2.1633,4.7894
99.64,2.1633,4.7894
99.65,2.1633,4.7894
99.66,2.1633,4.7894
99.67,2.1633,4.7894
99.68,2.1633,4.7894
99.69,2.1633,4.7894
99.7,2.1633,4.7894
99.71,2.1633,4.7894
99.72,2.1633,4.7894
99.73,2.1633,4.7894
99.74,2.1633,4.7894
99.75,2.1633,4.7894
99.76,2.1633,4.7894
99.77,2.1633,4.7894
99.78,2.1633,4.7894
99.79,2.1633,4.7894
99.8,2.1633,4.7894
99.81,2.1633,4.7894
99.82,2.1633,4.7894
99.83,2.1633,4.7894
99.84,2.1633,4.7894
99.85,2.1633,4.7894
99.86,2.1633,4.7894
99.87,2.1633,4.7894
99.88,2.1633,4.7894
99.89,2.1633,4.7894
99.9,2.1633,4.7894
99.91,2.1633,4.7894
99.92,2.1633,4.7894
99.93,2.1633,4.7894
99.94,2.1633,4.7894
99.95,2.1633,4.7894
99.96,2.1633,4.7894
99.97,2.1633,4.7894
99.98,2.1633,4.7894
99.99,2.1633,4.7894
100,2.1633,4.7894
