row_order,subgroup,category,required_percent,minimum_bout_minutes,n,difference_hours,se_hours,df,lower_95,upper_95,p_value,mean_sedentary_hours,primary_n,primary_days,bmi_missing,policy,primary_days_md5
1,Overall,All adults,70,20,9308,-0.27536439574433913,0.0056261367978594455,32,-0.2868244613827669,-0.26390433010591136,1.1709927646283854e-31,9.516413390693952,9308,55722,102,known_wake_sleep_bounded_nonwear_v3,1d66829fc177b6f02855e7e1f2f2428a
1,Overall,All adults,70,30,9308,-0.05808169355249705,0.001641857075110059,32,-0.061426046973984606,-0.0547373401310095,3.1590325261741475e-27,9.73369609288576,9308,55722,102,known_wake_sleep_bounded_nonwear_v3,1d66829fc177b6f02855e7e1f2f2428a
1,Overall,All adults,70,45,9308,0.22264887788406348,0.005204114304314226,32,0.21204844393442818,0.2332493118336988,8.141866459970168e-30,10.01442666432232,9308,55722,102,known_wake_sleep_bounded_nonwear_v3,1d66829fc177b6f02855e7e1f2f2428a
1,Overall,All adults,70,60,9308,0.4737181556710544,0.008916121975076071,32,0.4555566095256646,0.4918797018164442,8.736523490661667e-33,10.265495942109302,9308,55722,102,known_wake_sleep_bounded_nonwear_v3,1d66829fc177b6f02855e7e1f2f2428a
1,Overall,All adults,80,20,9308,-0.2177108946204825,0.004257721706410806,32,-0.2263835899314445,-0.20903819930952047,2.936543562840034e-32,9.574066891817814,9308,55722,102,known_wake_sleep_bounded_nonwear_v3,1d66829fc177b6f02855e7e1f2f2428a
1,Overall,All adults,80,30,9308,0,0,32,0,0,NA,9.79177778643826,9308,55722,102,known_wake_sleep_bounded_nonwear_v3,1d66829fc177b6f02855e7e1f2f2428a
1,Overall,All adults,80,45,9308,0.2672022003810871,0.005576327541735949,32,0.25584359287727026,0.27856080788490395,2.287119693428824e-31,10.058979986819336,9308,55722,102,known_wake_sleep_bounded_nonwear_v3,1d66829fc177b6f02855e7e1f2f2428a
1,Overall,All adults,80,60,9308,0.5064916301909929,0.009740544567350105,32,0.48665079017829826,0.5263324702036875,1.727313610204384e-32,10.29826941662926,9308,55722,102,known_wake_sleep_bounded_nonwear_v3,1d66829fc177b6f02855e7e1f2f2428a
1,Overall,All adults,90,20,9308,0.15372343781164602,0.004454301940249786,32,0.14465032166771222,0.16279655395557982,6.836310375064956e-27,9.94550122424995,9308,55722,102,known_wake_sleep_bounded_nonwear_v3,1d66829fc177b6f02855e7e1f2f2428a
1,Overall,All adults,90,30,9308,0.45193879464049236,0.007836309372292316,32,0.43597675479040127,0.46790083449058345,6.498574046542195e-34,10.243716581078758,9308,55722,102,known_wake_sleep_bounded_nonwear_v3,1d66829fc177b6f02855e7e1f2f2428a
1,Overall,All adults,90,45,9308,0.7944283415398401,0.013121568979940308,32,0.7677005801660879,0.8211561029135923,1.391691282415357e-34,10.58620612797812,9308,55722,102,known_wake_sleep_bounded_nonwear_v3,1d66829fc177b6f02855e7e1f2f2428a
1,Overall,All adults,90,60,9308,1.0941876413959883,0.01657204690978532,32,1.0604314864760618,1.127943796315915,8.87454326314075e-36,10.885965427834279,9308,55722,102,known_wake_sleep_bounded_nonwear_v3,1d66829fc177b6f02855e7e1f2f2428a
2,Sex,Male,70,20,4465,-0.29887949783457085,0.007659043041178652,32,-0.3144804579841437,-0.283278537684998,1.4649472041001838e-28,9.530888096021739,9308,55722,102,known_wake_sleep_bounded_nonwear_v3,1d66829fc177b6f02855e7e1f2f2428a
2,Sex,Male,70,30,4465,-0.06802193593523596,0.0024621053007746925,32,-0.0730370803174938,-0.06300679155297813,6.736316212182346e-24,9.76174565792108,9308,55722,102,known_wake_sleep_bounded_nonwear_v3,1d66829fc177b6f02855e7e1f2f2428a
2,Sex,Male,70,45,4465,0.23475635085907945,0.006802157458046823,32,0.22090080952531807,0.24861189219284083,6.83128820220374e-27,10.06452394471539,9308,55722,102,known_wake_sleep_bounded_nonwear_v3,1d66829fc177b6f02855e7e1f2f2428a
2,Sex,Male,70,60,4465,0.5103541254729368,0.009707686349429099,32,0.4905802154599322,0.5301280354859415,1.2205198061827132e-32,10.340121719329247,9308,55722,102,known_wake_sleep_bounded_nonwear_v3,1d66829fc177b6f02855e7e1f2f2428a
2,Sex,Male,80,20,4465,-0.23194287188064264,0.0059499977639881525,32,-0.24406262071962315,-0.21982312304166213,1.5141387333773035e-28,9.597824721975675,9308,55722,102,known_wake_sleep_bounded_nonwear_v3,1d66829fc177b6f02855e7e1f2f2428a
2,Sex,Male,80,30,4465,0,0,32,0,0,NA,9.829767593856317,9308,55722,102,known_wake_sleep_bounded_nonwear_v3,1d66829fc177b6f02855e7e1f2f2428a
2,Sex,Male,80,45,4465,0.28805359681955434,0.006902807506769714,32,0.27399303804552844,0.30211415559358024,1.7833604841738746e-29,10.117821190675873,9308,55722,102,known_wake_sleep_bounded_nonwear_v3,1d66829fc177b6f02855e7e1f2f2428a
2,Sex,Male,80,60,4465,0.5515714055414994,0.010566872585638779,32,0.5300473904357174,0.5730954206472815,1.5298703810278246e-32,10.381338999397816,9308,55722,102,known_wake_sleep_bounded_nonwear_v3,1d66829fc177b6f02855e7e1f2f2428a
2,Sex,Male,90,20,4465,0.19028874370346527,0.00803031583698645,32,0.17393152561659186,0.20664596179033867,7.324560208442126e-22,10.02005633755978,9308,55722,102,known_wake_sleep_bounded_nonwear_v3,1d66829fc177b6f02855e7e1f2f2428a
2,Sex,Male,90,30,4465,0.5072026271310458,0.01141831168901851,32,0.48394428732566375,0.5304609669364279,2.496451504931915e-30,10.336970220987384,9308,55722,102,known_wake_sleep_bounded_nonwear_v3,1d66829fc177b6f02855e7e1f2f2428a
2,Sex,Male,90,45,4465,0.874759033788551,0.015447183566423774,32,0.8432941505195535,0.9062239170575486,1.1591879918266009e-33,10.704526627644883,9308,55722,102,known_wake_sleep_bounded_nonwear_v3,1d66829fc177b6f02855e7e1f2f2428a
2,Sex,Male,90,60,4465,1.199508722697584,0.01962726502723277,32,1.1595292921226852,1.2394881532724829,1.0333295771653093e-34,11.029276316553887,9308,55722,102,known_wake_sleep_bounded_nonwear_v3,1d66829fc177b6f02855e7e1f2f2428a
3,Sex,Female,70,20,4843,-0.2538804029321104,0.005163923159413354,32,-0.26439897019858527,-0.2433618356656355,1.0159884121538192e-31,9.503188933320654,9308,55722,102,known_wake_sleep_bounded_nonwear_v3,1d66829fc177b6f02855e7e1f2f2428a
3,Sex,Female,70,30,4843,-0.04900003636542049,0.0019126837644462959,32,-0.05289604570071594,-0.04510402703012504,6.816838338409886e-23,9.708069299887372,9308,55722,102,known_wake_sleep_bounded_nonwear_v3,1d66829fc177b6f02855e7e1f2f2428a
3,Sex,Female,70,45,4843,0.21158718394068143,0.005823604935206141,32,0.19972488886902123,0.22344947901234163,1.3718594920681468e-27,9.96865652019348,9308,55722,102,known_wake_sleep_bounded_nonwear_v3,1d66829fc177b6f02855e7e1f2f2428a
3,Sex,Female,70,60,4843,0.44024660581885605,0.010194528073828198,32,0.4194810316644353,0.4610121799732768,6.0687852609664504e-30,10.19731594207162,9308,55722,102,known_wake_sleep_bounded_nonwear_v3,1d66829fc177b6f02855e7e1f2f2428a
3,Sex,Female,80,20,4843,-0.2047081997570791,0.003935312103400692,32,-0.21272416819741807,-0.19669223131674013,1.7064246997294218e-32,9.552361136495676,9308,55722,102,known_wake_sleep_bounded_nonwear_v3,1d66829fc177b6f02855e7e1f2f2428a
3,Sex,Female,80,30,4843,0,0,32,0,0,NA,9.757069336252785,9308,55722,102,known_wake_sleep_bounded_nonwear_v3,1d66829fc177b6f02855e7e1f2f2428a
3,Sex,Female,80,45,4843,0.24815183651321895,0.0062468614941011205,32,0.2354273960439074,0.2608762769825305,8.379008964569401e-29,10.005221172766012,9308,55722,102,known_wake_sleep_bounded_nonwear_v3,1d66829fc177b6f02855e7e1f2f2428a
3,Sex,Female,80,60,4843,0.4653056057420678,0.010893555341043009,32,0.4431161596390694,0.4874950518450662,8.568572829530664e-30,10.222374941994843,9308,55722,102,known_wake_sleep_bounded_nonwear_v3,1d66829fc177b6f02855e7e1f2f2428a
3,Sex,Female,90,20,4843,0.12031644829731078,0.004956739964061485,32,0.11021989938965271,0.13041299720496885,3.528080148904681e-22,9.877385784550095,9308,55722,102,known_wake_sleep_bounded_nonwear_v3,1d66829fc177b6f02855e7e1f2f2428a
3,Sex,Female,90,30,4843,0.4014483576673702,0.008630354200383649,32,0.3838689014307378,0.41902781390400257,5.83610848775961e-31,10.158517693920148,9308,55722,102,known_wake_sleep_bounded_nonwear_v3,1d66829fc177b6f02855e7e1f2f2428a
3,Sex,Female,90,45,4843,0.7210361866493219,0.01565383454648797,32,0.689150369108573,0.7529220041900708,7.955104519497999e-31,10.47810552290209,9308,55722,102,known_wake_sleep_bounded_nonwear_v3,1d66829fc177b6f02855e7e1f2f2428a
3,Sex,Female,90,60,4843,0.997963634161093,0.01956421273996886,32,0.9581126368925035,1.0378146314296826,3.169995393751642e-32,10.75503297041389,9308,55722,102,known_wake_sleep_bounded_nonwear_v3,1d66829fc177b6f02855e7e1f2f2428a
4,Age,18-34,70,20,2643,-0.22933236154675524,0.006321165503158307,32,-0.24220815432966813,-0.21645656876384234,1.4354334740929095e-27,9.555981112788713,9308,55722,102,known_wake_sleep_bounded_nonwear_v3,1d66829fc177b6f02855e7e1f2f2428a
4,Age,18-34,70,30,2643,-0.04904078586780586,0.0034911242346683325,32,-0.05615197322756341,-0.0419295985080483,3.1024610621024876e-15,9.736272688467665,9308,55722,102,known_wake_sleep_bounded_nonwear_v3,1d66829fc177b6f02855e7e1f2f2428a
4,Age,18-34,70,45,2643,0.17917241131201134,0.0057122950976618465,32,0.16753684695990023,0.19080797566412244,1.335848104187088e-25,9.964485885647477,9308,55722,102,known_wake_sleep_bounded_nonwear_v3,1d66829fc177b6f02855e7e1f2f2428a
4,Age,18-34,70,60,2643,0.3905637771833952,0.011421268729600755,32,0.36729941408345324,0.41382814028333714,9.099264474548374e-27,10.175877251518866,9308,55722,102,known_wake_sleep_bounded_nonwear_v3,1d66829fc177b6f02855e7e1f2f2428a
4,Age,18-34,80,20,2643,-0.18235832356598744,0.0047116821563350925,32,-0.19195570605401238,-0.1727609410779625,1.895938988783195e-28,9.602955150769484,9308,55722,102,known_wake_sleep_bounded_nonwear_v3,1d66829fc177b6f02855e7e1f2f2428a
4,Age,18-34,80,30,2643,0,0,32,0,0,NA,9.785313474335474,9308,55722,102,known_wake_sleep_bounded_nonwear_v3,1d66829fc177b6f02855e7e1f2f2428a
4,Age,18-34,80,45,2643,0.22095182003856045,0.006704466841778051,32,0.2072952679784201,0.2346083720987008,2.875151213379084e-26,10.006265294374034,9308,55722,102,known_wake_sleep_bounded_nonwear_v3,1d66829fc177b6f02855e7e1f2f2428a
4,Age,18-34,80,60,2643,0.4223850981514901,0.012397011603500816,32,0.3971332118570575,0.4476369844459227,1.0196297031108577e-26,10.20769857248696,9308,55722,102,known_wake_sleep_bounded_nonwear_v3,1d66829fc177b6f02855e7e1f2f2428a
4,Age,18-34,90,20,2643,0.19008234684799777,0.01024244752022173,32,0.1692191639754179,0.21094552972057765,1.0861818419771715e-18,9.975395821183477,9308,55722,102,known_wake_sleep_bounded_nonwear_v3,1d66829fc177b6f02855e7e1f2f2428a
4,Age,18-34,90,30,2643,0.4611299838924124,0.014026942343451644,32,0.43255803732624337,0.4897019304585814,3.1048463395301215e-26,10.246443458227876,9308,55722,102,known_wake_sleep_bounded_nonwear_v3,1d66829fc177b6f02855e7e1f2f2428a
4,Age,18-34,90,45,2643,0.7827041589513427,0.023818308232982408,32,0.7341878527267706,0.8312204651759149,3.143697915923053e-26,10.5680176332868,9308,55722,102,known_wake_sleep_bounded_nonwear_v3,1d66829fc177b6f02855e7e1f2f2428a
4,Age,18-34,90,60,2643,1.0627177481539336,0.02978672791916928,32,1.0020441688628037,1.1233913274450635,2.4225362812721703e-27,10.848031222489402,9308,55722,102,known_wake_sleep_bounded_nonwear_v3,1d66829fc177b6f02855e7e1f2f2428a
5,Age,35-44,70,20,1475,-0.22628117311315402,0.00698855199814681,32,-0.24051638770068398,-0.21204595852562405,4.9800062911713246e-26,9.357841350126538,9308,55722,102,known_wake_sleep_bounded_nonwear_v3,1d66829fc177b6f02855e7e1f2f2428a
5,Age,35-44,70,30,1475,-0.04633862530474583,0.0027186200640050917,32,-0.05187627316131743,-0.04080097744817422,1.2958914457483823e-17,9.537783897934958,9308,55722,102,known_wake_sleep_bounded_nonwear_v3,1d66829fc177b6f02855e7e1f2f2428a
5,Age,35-44,70,45,1475,0.1832756975887136,0.008901742180011687,32,0.16514344212736257,0.20140795305006462,5.0275626231329615e-20,9.767398220828424,9308,55722,102,known_wake_sleep_bounded_nonwear_v3,1d66829fc177b6f02855e7e1f2f2428a
5,Age,35-44,70,60,1475,0.39000986098152246,0.010502142018316203,32,0.3686176977266608,0.4114020242363841,6.920514142232057e-28,9.974132384221226,9308,55722,102,known_wake_sleep_bounded_nonwear_v3,1d66829fc177b6f02855e7e1f2f2428a
5,Age,35-44,80,20,1475,-0.17909269158399077,0.005638332458541261,32,-0.19057759897030685,-0.1676077841976747,9.038730896878689e-26,9.405029831655717,9308,55722,102,known_wake_sleep_bounded_nonwear_v3,1d66829fc177b6f02855e7e1f2f2428a
5,Age,35-44,80,30,1475,0,0,32,0,0,NA,9.584122523239705,9308,55722,102,known_wake_sleep_bounded_nonwear_v3,1d66829fc177b6f02855e7e1f2f2428a
5,Age,35-44,80,45,1475,0.2167644952842886,0.008315755583131133,32,0.19982585546094428,0.2337031351076329,4.0107069225898944e-23,9.800887018523996,9308,55722,102,known_wake_sleep_bounded_nonwear_v3,1d66829fc177b6f02855e7e1f2f2428a
5,Age,35-44,80,60,1475,0.4125315067737057,0.010506451478958945,32,0.39113056543476854,0.43393244811264287,1.2072081153395113e-28,9.9966540300134,9308,55722,102,known_wake_sleep_bounded_nonwear_v3,1d66829fc177b6f02855e7e1f2f2428a
5,Age,35-44,90,20,1475,0.1527401621562085,0.01161830588089936,32,0.12907444751288602,0.176405876799531,1.908108544069922e-14,9.736862685395915,9308,55722,102,known_wake_sleep_bounded_nonwear_v3,1d66829fc177b6f02855e7e1f2f2428a
5,Age,35-44,90,30,1475,0.4127541419239204,0.01656031606843279,32,0.37902188194589154,0.44648640190194927,1.576409220943395e-22,9.996876665163628,9308,55722,102,known_wake_sleep_bounded_nonwear_v3,1d66829fc177b6f02855e7e1f2f2428a
5,Age,35-44,90,45,1475,0.7086170173324953,0.025055220307483046,32,0.6575812036604444,0.7596528310045462,3.2762798487164076e-24,10.292739540572205,9308,55722,102,known_wake_sleep_bounded_nonwear_v3,1d66829fc177b6f02855e7e1f2f2428a
5,Age,35-44,90,60,1475,0.9769008273738982,0.032449279614072145,32,0.9108038077567344,1.042997846991062,4.76099954414434e-25,10.56102335061361,9308,55722,102,known_wake_sleep_bounded_nonwear_v3,1d66829fc177b6f02855e7e1f2f2428a
6,Age,45-64,70,20,3102,-0.28006378889603717,0.007951325943129478,32,-0.29626010983431694,-0.2638674679577574,3.6178914242318395e-27,9.45480118790661,9308,55722,102,known_wake_sleep_bounded_nonwear_v3,1d66829fc177b6f02855e7e1f2f2428a
6,Age,45-64,70,30,3102,-0.058316200693565426,0.0038285043344266777,32,-0.06611460882794065,-0.0505177925591902,3.225283144265239e-16,9.676548776109062,9308,55722,102,known_wake_sleep_bounded_nonwear_v3,1d66829fc177b6f02855e7e1f2f2428a
6,Age,45-64,70,45,3102,0.22344452088064312,0.0066428850643758825,32,0.2099134067962428,0.23697563496504345,1.521427084542589e-26,9.958309497683295,9308,55722,102,known_wake_sleep_bounded_nonwear_v3,1d66829fc177b6f02855e7e1f2f2428a
6,Age,45-64,70,60,3102,0.4733671783096155,0.012915540124831095,32,0.4470590839805502,0.4996752726386808,1.0443619319500847e-27,10.208232155112274,9308,55722,102,known_wake_sleep_bounded_nonwear_v3,1d66829fc177b6f02855e7e1f2f2428a
6,Age,45-64,80,20,3102,-0.22062166781873047,0.005581268846454329,32,-0.2319903404308884,-0.20925299520657253,9.780421978565016e-29,9.514243308983913,9308,55722,102,known_wake_sleep_bounded_nonwear_v3,1d66829fc177b6f02855e7e1f2f2428a
6,Age,45-64,80,30,3102,0,0,32,0,0,NA,9.734864976802625,9308,55722,102,known_wake_sleep_bounded_nonwear_v3,1d66829fc177b6f02855e7e1f2f2428a
6,Age,45-64,80,45,3102,0.2686782360700778,0.007557944558911176,32,0.25328320679000876,0.2840732653501468,2.7114160603772166e-27,10.003543212872719,9308,55722,102,known_wake_sleep_bounded_nonwear_v3,1d66829fc177b6f02855e7e1f2f2428a
6,Age,45-64,80,60,3102,0.507694740357703,0.014424678371003922,32,0.47831263201511737,0.5370768487002886,3.702310361775963e-27,10.242559717160342,9308,55722,102,known_wake_sleep_bounded_nonwear_v3,1d66829fc177b6f02855e7e1f2f2428a
6,Age,45-64,90,20,3102,0.13580135431289833,0.007310499602937215,32,0.12091035391432368,0.15069235471147296,1.0558443733447804e-18,9.870666331115537,9308,55722,102,known_wake_sleep_bounded_nonwear_v3,1d66829fc177b6f02855e7e1f2f2428a
6,Age,45-64,90,30,3102,0.43165001469470254,0.013920024735647362,32,0.40329585216887304,0.46000417722053205,1.904764059732679e-25,10.166514991497325,9308,55722,102,known_wake_sleep_bounded_nonwear_v3,1d66829fc177b6f02855e7e1f2f2428a
6,Age,45-64,90,45,3102,0.7685287346599927,0.02359228174670738,32,0.7204728293218193,0.8165846399981661,4.125799483740604e-26,10.503393711462625,9308,55722,102,known_wake_sleep_bounded_nonwear_v3,1d66829fc177b6f02855e7e1f2f2428a
6,Age,45-64,90,60,3102,1.0607100793686235,0.030376498471749603,32,0.998835176773952,1.1225849819632951,4.739850526207e-27,10.79557505617125,9308,55722,102,known_wake_sleep_bounded_nonwear_v3,1d66829fc177b6f02855e7e1f2f2428a
7,Age,>=65,70,20,2088,-0.3778668824254892,0.007866689652492457,32,-0.3938908048813037,-0.36184295996967475,2.1182459000945613e-31,9.717158562510805,9308,55722,102,known_wake_sleep_bounded_nonwear_v3,1d66829fc177b6f02855e7e1f2f2428a
7,Age,>=65,70,30,2088,-0.08140290363934732,0.003538687912453806,32,-0.0886109750403237,-0.07419483223837095,1.798211568665487e-21,10.013622541296979,9308,55722,102,known_wake_sleep_bounded_nonwear_v3,1d66829fc177b6f02855e7e1f2f2428a
7,Age,>=65,70,45,2088,0.3202256470464963,0.009140755767689761,32,0.3016065368388638,0.3388447572541288,4.2815827231625875e-27,10.415251091982801,9308,55722,102,known_wake_sleep_bounded_nonwear_v3,1d66829fc177b6f02855e7e1f2f2428a
7,Age,>=65,70,60,2088,0.6714069444775916,0.014279619130857173,32,0.6423203121380379,0.7004935768171454,4.157514038260971e-31,10.766432389413906,9308,55722,102,known_wake_sleep_bounded_nonwear_v3,1d66829fc177b6f02855e7e1f2f2428a
7,Age,>=65,80,20,2088,-0.2985908235236887,0.005882391377324785,32,-0.3105728626594437,-0.2866087843879337,3.701729144732129e-32,9.796434621412633,9308,55722,102,known_wake_sleep_bounded_nonwear_v3,1d66829fc177b6f02855e7e1f2f2428a
7,Age,>=65,80,30,2088,0,0,32,0,0,NA,10.09502544493632,9308,55722,102,known_wake_sleep_bounded_nonwear_v3,1d66829fc177b6f02855e7e1f2f2428a
7,Age,>=65,80,45,2088,0.37740565961791783,0.010216105279002194,32,0.3565961341348195,0.39821518510101617,8.15298847707733e-28,10.472431104554223,9308,55722,102,known_wake_sleep_bounded_nonwear_v3,1d66829fc177b6f02855e7e1f2f2428a
7,Age,>=65,80,60,2088,0.7117255882840141,0.01499674516062199,32,0.6811782180229693,0.7422729585450589,3.098324683884775e-31,10.806751033220314,9308,55722,102,known_wake_sleep_bounded_nonwear_v3,1d66829fc177b6f02855e7e1f2f2428a
7,Age,>=65,90,20,2088,0.13533888827493423,0.008303965818522153,32,0.11842426341623351,0.15225351313363497,4.7071915510796706e-17,10.230364333211233,9308,55722,102,known_wake_sleep_bounded_nonwear_v3,1d66829fc177b6f02855e7e1f2f2428a
7,Age,>=65,90,30,2088,0.5121088917103945,0.01286308805227156,32,0.48590763875685933,0.5383101446639297,7.816607025112375e-29,10.607134336646729,9308,55722,102,known_wake_sleep_bounded_nonwear_v3,1d66829fc177b6f02855e7e1f2f2428a
7,Age,>=65,90,45,2088,0.9376459993950231,0.018227250436838496,32,0.9005183052206291,0.9747736935694171,2.4273773559617985e-32,11.032671444331344,9308,55722,102,known_wake_sleep_bounded_nonwear_v3,1d66829fc177b6f02855e7e1f2f2428a
7,Age,>=65,90,60,2088,1.309020475581449,0.02127129504690469,32,1.265692265441831,1.352348685721067,8.29359846024248e-35,11.404045920517738,9308,55722,102,known_wake_sleep_bounded_nonwear_v3,1d66829fc177b6f02855e7e1f2f2428a
8,BMI,Underweight,70,20,187,-0.21096678445486144,0.017728756882005373,27,-0.24734318884461992,-0.17459038006510297,3.0064916603441668e-12,9.540495698733457,9308,55722,102,known_wake_sleep_bounded_nonwear_v3,1d66829fc177b6f02855e7e1f2f2428a
8,BMI,Underweight,70,30,187,-0.03561070862050899,0.0074132815104047695,27,-0.05082150585081656,-0.020399911390201423,5.162894677628258e-5,9.715851774567811,9308,55722,102,known_wake_sleep_bounded_nonwear_v3,1d66829fc177b6f02855e7e1f2f2428a
8,BMI,Underweight,70,45,187,0.23147864831994855,0.02565374997396451,27,0.17884150126121284,0.28411579537868425,1.2278119256740725e-9,9.982941131508266,9308,55722,102,known_wake_sleep_bounded_nonwear_v3,1d66829fc177b6f02855e7e1f2f2428a
8,BMI,Underweight,70,60,187,0.5295944069505502,0.09433568419062173,27,0.33603357133518574,0.7231552425659146,5.884848238531488e-6,10.281056890138869,9308,55722,102,known_wake_sleep_bounded_nonwear_v3,1d66829fc177b6f02855e7e1f2f2428a
8,BMI,Underweight,80,20,187,-0.17983758869345212,0.014331938838605743,27,-0.2092442981628324,-0.15043087922407183,8.872043689532618e-13,9.571624894494866,9308,55722,102,known_wake_sleep_bounded_nonwear_v3,1d66829fc177b6f02855e7e1f2f2428a
8,BMI,Underweight,80,30,187,0,0,27,0,0,NA,9.75146248318832,9308,55722,102,known_wake_sleep_bounded_nonwear_v3,1d66829fc177b6f02855e7e1f2f2428a
8,BMI,Underweight,80,45,187,0.2649748236682189,0.026685015899075893,27,0.2102216937137334,0.3197279536227044,1.6514217745113877e-10,10.016437306856538,9308,55722,102,known_wake_sleep_bounded_nonwear_v3,1d66829fc177b6f02855e7e1f2f2428a
8,BMI,Underweight,80,60,187,0.5446266404078558,0.09520861161637548,27,0.34927470566165725,0.7399785751540544,4.43414537907991e-6,10.296089123596175,9308,55722,102,known_wake_sleep_bounded_nonwear_v3,1d66829fc177b6f02855e7e1f2f2428a
8,BMI,Underweight,90,20,187,0.18907634921804847,0.0472555596894432,27,0.0921159497738933,0.28603674866220363,4.41230590590902e-4,9.940538832406366,9308,55722,102,known_wake_sleep_bounded_nonwear_v3,1d66829fc177b6f02855e7e1f2f2428a
8,BMI,Underweight,90,30,187,0.47406126458378384,0.06429889571708634,27,0.34213082817548257,0.6059917009920851,6.246885198987975e-8,10.225523747772106,9308,55722,102,known_wake_sleep_bounded_nonwear_v3,1d66829fc177b6f02855e7e1f2f2428a
8,BMI,Underweight,90,45,187,0.8293437759751285,0.1103256948214855,27,0.6029741485885136,1.0557134033617435,4.3668953740506855e-8,10.580806259163447,9308,55722,102,known_wake_sleep_bounded_nonwear_v3,1d66829fc177b6f02855e7e1f2f2428a
8,BMI,Underweight,90,60,187,1.159173304106397,0.15110112806512963,27,0.8491393984677684,1.4692072097450255,2.987970623559212e-8,10.910635787294718,9308,55722,102,known_wake_sleep_bounded_nonwear_v3,1d66829fc177b6f02855e7e1f2f2428a
9,BMI,Normal weight,70,20,2713,-0.24621879576098651,0.007937565050372382,32,-0.26238708667797356,-0.23005050484399944,1.88553444521885e-25,9.213013089957771,9308,55722,102,known_wake_sleep_bounded_nonwear_v3,1d66829fc177b6f02855e7e1f2f2428a
9,BMI,Normal weight,70,30,2713,-0.049253142205341015,0.0025049812277792094,32,-0.05435562199294611,-0.04415066241773592,1.9762655692725237e-19,9.409978743513427,9308,55722,102,known_wake_sleep_bounded_nonwear_v3,1d66829fc177b6f02855e7e1f2f2428a
9,BMI,Normal weight,70,45,2713,0.2091989336391994,0.00913128593313763,32,0.19059911285332315,0.22779875442507563,2.033934145581018e-21,9.668430819357928,9308,55722,102,known_wake_sleep_bounded_nonwear_v3,1d66829fc177b6f02855e7e1f2f2428a
9,BMI,Normal weight,70,60,2713,0.43907760977091714,0.014301569647337219,32,0.409946265692439,0.46820895384939526,2.5951152830568555e-25,9.898309495489679,9308,55722,102,known_wake_sleep_bounded_nonwear_v3,1d66829fc177b6f02855e7e1f2f2428a
9,BMI,Normal weight,80,20,2713,-0.195913313776604,0.005814746689432298,32,-0.20775756519208288,-0.18406906236112514,1.44483974523621e-26,9.263318571942143,9308,55722,102,known_wake_sleep_bounded_nonwear_v3,1d66829fc177b6f02855e7e1f2f2428a
9,BMI,Normal weight,80,30,2713,0,0,32,0,0,NA,9.459231885718753,9308,55722,102,known_wake_sleep_bounded_nonwear_v3,1d66829fc177b6f02855e7e1f2f2428a
9,BMI,Normal weight,80,45,2713,0.24850942583180516,0.00969524445349711,32,0.22876085913148028,0.26825799253213,6.70700049641063e-23,9.707741311550537,9308,55722,102,known_wake_sleep_bounded_nonwear_v3,1d66829fc177b6f02855e7e1f2f2428a
9,BMI,Normal weight,80,60,2713,0.4685249676977194,0.01539313293144551,32,0.4371701819693443,0.4998797534260945,3.3912345001971093e-25,9.92775685341648,9308,55722,102,known_wake_sleep_bounded_nonwear_v3,1d66829fc177b6f02855e7e1f2f2428a
9,BMI,Normal weight,90,20,2713,0.13937001216392766,0.009853441727782172,32,0.11929920816076704,0.15944081616708827,2.5640818141445664e-15,9.59860189788271,9308,55722,102,known_wake_sleep_bounded_nonwear_v3,1d66829fc177b6f02855e7e1f2f2428a
9,BMI,Normal weight,90,30,2713,0.4111962202332923,0.015374092538700647,32,0.37988021851577175,0.4425122219508128,1.8235203476530708e-23,9.870428105952048,9308,55722,102,known_wake_sleep_bounded_nonwear_v3,1d66829fc177b6f02855e7e1f2f2428a
9,BMI,Normal weight,90,45,2713,0.7260166157539775,0.023695963847307287,32,0.6777495168879721,0.7742837146199828,2.7642977170482546e-25,10.185248501472735,9308,55722,102,known_wake_sleep_bounded_nonwear_v3,1d66829fc177b6f02855e7e1f2f2428a
9,BMI,Normal weight,90,60,2713,0.9976840829939476,0.02773624869687531,32,0.9411871932007805,1.0541809727871148,1.876493424210011e-27,10.456915968712707,9308,55722,102,known_wake_sleep_bounded_nonwear_v3,1d66829fc177b6f02855e7e1f2f2428a
10,BMI,Overweight,70,20,2899,-0.26927543387698155,0.0063131547701239,32,-0.2821349093306711,-0.256415958423292,8.96115419940944e-30,9.266214040028556,9308,55722,102,known_wake_sleep_bounded_nonwear_v3,1d66829fc177b6f02855e7e1f2f2428a
10,BMI,Overweight,70,30,2899,-0.05628841130071685,0.0025228178355353723,32,-0.061427223069394694,-0.05114959953203901,4.519827199767284e-21,9.479201062604833,9308,55722,102,known_wake_sleep_bounded_nonwear_v3,1d66829fc177b6f02855e7e1f2f2428a
10,BMI,Overweight,70,45,2899,0.21642251002032598,0.005799925918199079,32,0.20460844752794782,0.22823657251270413,5.956143486721537e-28,9.751911983925842,9308,55722,102,known_wake_sleep_bounded_nonwear_v3,1d66829fc177b6f02855e7e1f2f2428a
10,BMI,Overweight,70,60,2899,0.45322424500835823,0.007946972472782985,32,0.43703679179898697,0.4694116982177295,9.26353170661183e-34,9.988713718913889,9308,55722,102,known_wake_sleep_bounded_nonwear_v3,1d66829fc177b6f02855e7e1f2f2428a
10,BMI,Overweight,80,20,2899,-0.21404071137312702,0.004655958476257443,32,-0.2235245884391815,-0.20455683430707255,8.461014050664617e-31,9.32144876253242,9308,55722,102,known_wake_sleep_bounded_nonwear_v3,1d66829fc177b6f02855e7e1f2f2428a
10,BMI,Overweight,80,30,2899,0,0,32,0,0,NA,9.535489473905548,9308,55722,102,known_wake_sleep_bounded_nonwear_v3,1d66829fc177b6f02855e7e1f2f2428a
10,BMI,Overweight,80,45,2899,0.25823570271779533,0.005916767885901094,32,0.24618364092548947,0.2702877645101012,4.347072733831503e-30,9.79372517662332,9308,55722,102,known_wake_sleep_bounded_nonwear_v3,1d66829fc177b6f02855e7e1f2f2428a
10,BMI,Overweight,80,60,2899,0.4847982570033965,0.00889421124963811,32,0.4666813415452307,0.5029151724615624,3.886901919689923e-33,10.020287730908924,9308,55722,102,known_wake_sleep_bounded_nonwear_v3,1d66829fc177b6f02855e7e1f2f2428a
10,BMI,Overweight,90,20,2899,0.14851830115931453,0.006581267184009503,32,0.1351126985899858,0.16192390372864324,3.2084204223344832e-21,9.684007775064831,9308,55722,102,known_wake_sleep_bounded_nonwear_v3,1d66829fc177b6f02855e7e1f2f2428a
10,BMI,Overweight,90,30,2899,0.43916295434012687,0.010296876219855224,32,0.41818890383442237,0.46013700484583137,8.980711334112252e-30,9.974652428245648,9308,55722,102,known_wake_sleep_bounded_nonwear_v3,1d66829fc177b6f02855e7e1f2f2428a
10,BMI,Overweight,90,45,2899,0.7658862953458644,0.015545968718869553,32,0.7342201933060113,0.7975523973857175,9.517981065412649e-32,10.301375769251408,9308,55722,102,known_wake_sleep_bounded_nonwear_v3,1d66829fc177b6f02855e7e1f2f2428a
10,BMI,Overweight,90,60,2899,1.059958227763543,0.020483473688754417,32,1.0182347572170316,1.1016816983100546,2.0133894118247743e-32,10.595447701669087,9308,55722,102,known_wake_sleep_bounded_nonwear_v3,1d66829fc177b6f02855e7e1f2f2428a
11,BMI,Obesity,70,20,3407,-0.30289114051009686,0.007715639782098095,32,-0.3186073844483797,-0.287174896571814,1.2147685186275274e-28,9.933792249962734,9308,55722,102,known_wake_sleep_bounded_nonwear_v3,1d66829fc177b6f02855e7e1f2f2428a
11,BMI,Obesity,70,30,3407,-0.06666576711073635,0.0029382344895881453,32,-0.07265075491348291,-0.060680779307989784,2.7258775464890223e-21,10.170017623362087,9308,55722,102,known_wake_sleep_bounded_nonwear_v3,1d66829fc177b6f02855e7e1f2f2428a
11,BMI,Obesity,70,45,3407,0.2355237047595572,0.006458455833732922,32,0.2223682607245622,0.2486791487945522,1.22184612620574e-27,10.472207095232399,9308,55722,102,known_wake_sleep_bounded_nonwear_v3,1d66829fc177b6f02855e7e1f2f2428a
11,BMI,Obesity,70,60,3407,0.5108386689184959,0.010914060565913038,32,0.48860745503924463,0.5330698827977473,4.797926201017192e-31,10.74752205939133,9308,55722,102,known_wake_sleep_bounded_nonwear_v3,1d66829fc177b6f02855e7e1f2f2428a
11,BMI,Obesity,80,20,3407,-0.23684109069501486,0.006016076799828511,32,-0.2490954381254023,-0.2245867432646274,1.1115735389355608e-28,9.999842299777844,9308,55722,102,known_wake_sleep_bounded_nonwear_v3,1d66829fc177b6f02855e7e1f2f2428a
11,BMI,Obesity,80,30,3407,0,0,32,0,0,NA,10.236683390472859,9308,55722,102,known_wake_sleep_bounded_nonwear_v3,1d66829fc177b6f02855e7e1f2f2428a
11,BMI,Obesity,80,45,3407,0.2862154697743942,0.006898284754817864,32,0.2721641235446232,0.3002668160041652,2.1364379693154245e-29,10.522898860247242,9308,55722,102,known_wake_sleep_bounded_nonwear_v3,1d66829fc177b6f02855e7e1f2f2428a
11,BMI,Obesity,80,60,3407,0.5476332326947454,0.01198448407515676,32,0.523221637477892,0.5720448279115988,1.0231553437561079e-30,10.784316623167578,9308,55722,102,known_wake_sleep_bounded_nonwear_v3,1d66829fc177b6f02855e7e1f2f2428a
11,BMI,Obesity,90,20,3407,0.16591321370555687,0.006522549867215276,32,0.1526272143966448,0.17919921301446892,8.471496597142639e-23,10.402596604178406,9308,55722,102,known_wake_sleep_bounded_nonwear_v3,1d66829fc177b6f02855e7e1f2f2428a
11,BMI,Obesity,90,30,3407,0.48876184651988425,0.010175210557243056,32,0.4680356208591086,0.5094880721806598,2.117156020555438e-31,10.725445236992718,9308,55722,102,known_wake_sleep_bounded_nonwear_v3,1d66829fc177b6f02855e7e1f2f2428a
11,BMI,Obesity,90,45,3407,0.8613186017928689,0.016493651792482043,32,0.8277221325013417,0.894915071084396,1.508649314433918e-32,11.098001992265687,9308,55722,102,known_wake_sleep_bounded_nonwear_v3,1d66829fc177b6f02855e7e1f2f2428a
11,BMI,Obesity,90,60,3407,1.1831780658522035,0.021405534237636834,32,1.1395764194289844,1.2267797122754227,2.496499133522114e-33,11.419861456325028,9308,55722,102,known_wake_sleep_bounded_nonwear_v3,1d66829fc177b6f02855e7e1f2f2428a
12,Race/ethnicity,Mexican American,70,20,1135,-0.23343641884718114,0.010089689185843062,28,-0.2541042102339563,-0.21276862746040595,8.607262773392949e-20,8.744595863889943,9308,55722,102,known_wake_sleep_bounded_nonwear_v3,1d66829fc177b6f02855e7e1f2f2428a
12,Race/ethnicity,Mexican American,70,30,1135,-0.04751645744207803,0.003911232042506365,28,-0.05552825309116647,-0.039504661792989594,1.1134389216107718e-12,8.930515825295057,9308,55722,102,known_wake_sleep_bounded_nonwear_v3,1d66829fc177b6f02855e7e1f2f2428a
12,Race/ethnicity,Mexican American,70,45,1135,0.20141733496995284,0.00916268593676459,28,0.1826484236590574,0.2201862462808483,3.3538300651716645e-19,9.179449617707055,9308,55722,102,known_wake_sleep_bounded_nonwear_v3,1d66829fc177b6f02855e7e1f2f2428a
12,Race/ethnicity,Mexican American,70,60,1135,0.43355022959054007,0.015469273118290995,28,0.4018628600566516,0.4652375991244285,4.9759829424853885e-22,9.411582512327657,9308,55722,102,known_wake_sleep_bounded_nonwear_v3,1d66829fc177b6f02855e7e1f2f2428a
12,Race/ethnicity,Mexican American,80,20,1135,-0.18821340902500577,0.008576920809058725,28,-0.20578243486489392,-0.17064438318511763,3.512018086785609e-19,8.789818873712122,9308,55722,102,known_wake_sleep_bounded_nonwear_v3,1d66829fc177b6f02855e7e1f2f2428a
12,Race/ethnicity,Mexican American,80,30,1135,0,0,28,0,0,NA,8.978032282737132,9308,55722,102,known_wake_sleep_bounded_nonwear_v3,1d66829fc177b6f02855e7e1f2f2428a
12,Race/ethnicity,Mexican American,80,45,1135,0.23771889224370818,0.009987087810082451,28,0.21726127024779907,0.2581765142396173,4.0333795927952134e-20,9.215751174980822,9308,55722,102,known_wake_sleep_bounded_nonwear_v3,1d66829fc177b6f02855e7e1f2f2428a
12,Race/ethnicity,Mexican American,80,60,1135,0.4578039805999885,0.01560403121706102,28,0.4258405716141648,0.48976738958581223,1.4392908879873235e-22,9.4358362633371,9308,55722,102,known_wake_sleep_bounded_nonwear_v3,1d66829fc177b6f02855e7e1f2f2428a
12,Race/ethnicity,Mexican American,90,20,1135,0.18249336736083244,0.009798513393444527,28,0.1624220225467243,0.20256471217494057,2.6059802209337747e-17,9.160525650097947,9308,55722,102,known_wake_sleep_bounded_nonwear_v3,1d66829fc177b6f02855e7e1f2f2428a
12,Race/ethnicity,Mexican American,90,30,1135,0.4694904867915969,0.014673752847428834,28,0.4394326666619853,0.49954830692120844,1.3604904451594116e-23,9.447522769528724,9308,55722,102,known_wake_sleep_bounded_nonwear_v3,1d66829fc177b6f02855e7e1f2f2428a
12,Race/ethnicity,Mexican American,90,45,1135,0.8172300006405313,0.025480059622504894,28,0.7650364645364236,0.869423536744639,1.2729897990808327e-23,9.79526228337765,9308,55722,102,known_wake_sleep_bounded_nonwear_v3,1d66829fc177b6f02855e7e1f2f2428a
12,Race/ethnicity,Mexican American,90,60,1135,1.1198914617327385,0.03556507134241995,28,1.0470397155964681,1.1927432078690088,2.1025882851403325e-23,10.097923744469863,9308,55722,102,known_wake_sleep_bounded_nonwear_v3,1d66829fc177b6f02855e7e1f2f2428a
13,Race/ethnicity,Other Hispanic,70,20,892,-0.24740740068405728,0.010054312192580158,30,-0.2679410455420174,-0.22687375582609712,1.9036373764808473e-21,8.963243052535617,9308,55722,102,known_wake_sleep_bounded_nonwear_v3,1d66829fc177b6f02855e7e1f2f2428a
13,Race/ethnicity,Other Hispanic,70,30,892,-0.057379917872333076,0.004760306782946183,30,-0.06710176129868803,-0.04765807444597813,4.989348250260037e-13,9.153270535347326,9308,55722,102,known_wake_sleep_bounded_nonwear_v3,1d66829fc177b6f02855e7e1f2f2428a
13,Race/ethnicity,Other Hispanic,70,45,892,0.18155824824842764,0.007801973922292474,30,0.1656244918021492,0.1974920046947061,9.374480520333017e-21,9.392208701468094,9308,55722,102,known_wake_sleep_bounded_nonwear_v3,1d66829fc177b6f02855e7e1f2f2428a
13,Race/ethnicity,Other Hispanic,70,60,892,0.404866408793133,0.014088547822086715,30,0.37609375562680253,0.4336390619594635,2.1778024695451314e-23,9.61551686201279,9308,55722,102,known_wake_sleep_bounded_nonwear_v3,1d66829fc177b6f02855e7e1f2f2428a
13,Race/ethnicity,Other Hispanic,80,20,892,-0.19291570779499348,0.006801826622528161,30,-0.2068068909587192,-0.17902452463126775,3.185942308883435e-23,9.017734745424686,9308,55722,102,known_wake_sleep_bounded_nonwear_v3,1d66829fc177b6f02855e7e1f2f2428a
13,Race/ethnicity,Other Hispanic,80,30,892,0,0,30,0,0,NA,9.210650453219664,9308,55722,102,known_wake_sleep_bounded_nonwear_v3,1d66829fc177b6f02855e7e1f2f2428a
13,Race/ethnicity,Other Hispanic,80,45,892,0.23114439713493062,0.009439556397693205,30,0.21186625110421967,0.2504225431656416,2.1903127335407864e-21,9.441794850354597,9308,55722,102,known_wake_sleep_bounded_nonwear_v3,1d66829fc177b6f02855e7e1f2f2428a
13,Race/ethnicity,Other Hispanic,80,60,892,0.44565373884326126,0.015531441157355212,30,0.4139343043609313,0.4773731733255912,2.2758144822797785e-23,9.656304192062908,9308,55722,102,known_wake_sleep_bounded_nonwear_v3,1d66829fc177b6f02855e7e1f2f2428a
13,Race/ethnicity,Other Hispanic,90,20,892,0.16044953119241442,0.013585656200359175,30,0.13270391973364276,0.1881951426511861,8.302046790084331e-13,9.37109998441207,9308,55722,102,known_wake_sleep_bounded_nonwear_v3,1d66829fc177b6f02855e7e1f2f2428a
13,Race/ethnicity,Other Hispanic,90,30,892,0.4293322710380872,0.018458989872045417,30,0.3916339844512653,0.4670305576249091,9.514347966482412e-21,9.639982724257749,9308,55722,102,known_wake_sleep_bounded_nonwear_v3,1d66829fc177b6f02855e7e1f2f2428a
13,Race/ethnicity,Other Hispanic,90,45,892,0.7553818267850795,0.028140846212191387,30,0.697910551668912,0.8128531019012469,1.5640732896401312e-22,9.966032280004724,9308,55722,102,known_wake_sleep_bounded_nonwear_v3,1d66829fc177b6f02855e7e1f2f2428a
13,Race/ethnicity,Other Hispanic,90,60,892,1.0405677731268557,0.037171327206239925,30,0.964653795409391,1.1164817508443203,4.651781230315722e-23,10.251218226346504,9308,55722,102,known_wake_sleep_bounded_nonwear_v3,1d66829fc177b6f02855e7e1f2f2428a
14,Race/ethnicity,NH White,70,20,3720,-0.2803269577641986,0.006781653414057952,32,-0.29414073372708327,-0.2665131818013139,2.4026688798046865e-29,9.56204358166509,9308,55722,102,known_wake_sleep_bounded_nonwear_v3,1d66829fc177b6f02855e7e1f2f2428a
14,Race/ethnicity,NH White,70,30,3720,-0.056921231084149954,0.001991179182360889,32,-0.06097713035350447,-0.052865331814795434,2.355384878207301e-24,9.785449308345123,9308,55722,102,known_wake_sleep_bounded_nonwear_v3,1d66829fc177b6f02855e7e1f2f2428a
14,Race/ethnicity,NH White,70,45,3720,0.22993012400883947,0.006497211168985085,32,0.21669573793923236,0.24316451007844658,3.1217836209507275e-27,10.072300663438076,9308,55722,102,known_wake_sleep_bounded_nonwear_v3,1d66829fc177b6f02855e7e1f2f2428a
14,Race/ethnicity,NH White,70,60,3720,0.47822260616228257,0.011592434677100168,32,0.4546095894366141,0.501835622887951,2.559508049239477e-29,10.320593145591554,9308,55722,102,known_wake_sleep_bounded_nonwear_v3,1d66829fc177b6f02855e7e1f2f2428a
14,Race/ethnicity,NH White,80,20,3720,-0.22225471152374915,0.005231494186172789,32,-0.23291091646768217,-0.21159850657981613,1.0153981688542607e-29,9.620115827905542,9308,55722,102,known_wake_sleep_bounded_nonwear_v3,1d66829fc177b6f02855e7e1f2f2428a
14,Race/ethnicity,NH White,80,30,3720,0,0,32,0,0,NA,9.842370539429277,9308,55722,102,known_wake_sleep_bounded_nonwear_v3,1d66829fc177b6f02855e7e1f2f2428a
14,Race/ethnicity,NH White,80,45,3720,0.27288292767881644,0.006972790389733981,32,0.25867981843700916,0.28708603692062373,1.3386809970234336e-28,10.115253467108085,9308,55722,102,known_wake_sleep_bounded_nonwear_v3,1d66829fc177b6f02855e7e1f2f2428a
14,Race/ethnicity,NH White,80,60,3720,0.5093372547038462,0.012594752334218971,32,0.4836825837216536,0.5349919256860387,4.7816094729073436e-29,10.35170779413311,9308,55722,102,known_wake_sleep_bounded_nonwear_v3,1d66829fc177b6f02855e7e1f2f2428a
14,Race/ethnicity,NH White,90,20,3720,0.1326970315061224,0.0062809554364656826,32,0.11990314394879845,0.14549091906344633,2.326118152680113e-20,9.97506757093539,9308,55722,102,known_wake_sleep_bounded_nonwear_v3,1d66829fc177b6f02855e7e1f2f2428a
14,Race/ethnicity,NH White,90,30,3720,0.42605891689167846,0.010681441461005216,32,0.40430153262353974,0.4478163011598172,7.365394001272009e-29,10.268429456320955,9308,55722,102,known_wake_sleep_bounded_nonwear_v3,1d66829fc177b6f02855e7e1f2f2428a
14,Race/ethnicity,NH White,90,45,3720,0.7554191701064724,0.01808892446449275,32,0.718573236717416,0.7922651034955288,1.7415491796812074e-29,10.597789709535734,9308,55722,102,known_wake_sleep_bounded_nonwear_v3,1d66829fc177b6f02855e7e1f2f2428a
14,Race/ethnicity,NH White,90,60,3720,1.0430362858461804,0.023250569583955962,32,0.9956764254061812,1.0903961462861795,1.8292294020676573e-30,10.88540682527547,9308,55722,102,known_wake_sleep_bounded_nonwear_v3,1d66829fc177b6f02855e7e1f2f2428a
15,Race/ethnicity,NH Black,70,20,2217,-0.28688120943067946,0.007387177390348406,31,-0.30194745704921055,-0.27181496181214837,7.415106919756697e-28,9.990005104501918,9308,55722,102,known_wake_sleep_bounded_nonwear_v3,1d66829fc177b6f02855e7e1f2f2428a
15,Race/ethnicity,NH Black,70,30,2217,-0.06761766729643856,0.0030955947090216553,31,-0.0739311743300818,-0.06130416026279532,2.1834232541920777e-20,10.209268646636163,9308,55722,102,known_wake_sleep_bounded_nonwear_v3,1d66829fc177b6f02855e7e1f2f2428a
15,Race/ethnicity,NH Black,70,45,2217,0.22244519676644073,0.005240150164015213,31,0.21175784004579537,0.23313255348708609,4.9347490088541876e-29,10.49933151069903,9308,55722,102,known_wake_sleep_bounded_nonwear_v3,1d66829fc177b6f02855e7e1f2f2428a
15,Race/ethnicity,NH Black,70,60,2217,0.5052379852288884,0.010726325661348329,31,0.48336149981214166,0.5271144706456352,2.0601192253882643e-30,10.782124299161499,9308,55722,102,known_wake_sleep_bounded_nonwear_v3,1d66829fc177b6f02855e7e1f2f2428a
15,Race/ethnicity,NH Black,80,20,2217,-0.2247463364470293,0.005277006579630572,31,-0.23550886232290816,-0.21398381057115043,4.4646899646792846e-29,10.052139977485588,9308,55722,102,known_wake_sleep_bounded_nonwear_v3,1d66829fc177b6f02855e7e1f2f2428a
15,Race/ethnicity,NH Black,80,30,2217,0,0,31,0,0,NA,10.276886313932591,9308,55722,102,known_wake_sleep_bounded_nonwear_v3,1d66829fc177b6f02855e7e1f2f2428a
15,Race/ethnicity,NH Black,80,45,2217,0.27601270773531367,0.006230014061030197,31,0.2633065102866039,0.28871890518402343,1.3394679211932376e-29,10.552899021667912,9308,55722,102,known_wake_sleep_bounded_nonwear_v3,1d66829fc177b6f02855e7e1f2f2428a
15,Race/ethnicity,NH Black,80,60,2217,0.545335266470006,0.01231848926974396,31,0.5202115419650732,0.5704589909749387,1.3712843801056633e-29,10.8222215804026,9308,55722,102,known_wake_sleep_bounded_nonwear_v3,1d66829fc177b6f02855e7e1f2f2428a
15,Race/ethnicity,NH Black,90,20,2217,0.23120923861476758,0.009478392585370822,31,0.21187792948667977,0.2505405477428554,8.549735602295357e-22,10.508095552547365,9308,55722,102,known_wake_sleep_bounded_nonwear_v3,1d66829fc177b6f02855e7e1f2f2428a
15,Race/ethnicity,NH Black,90,30,2217,0.5702408273846848,0.015712019360431928,31,0.5381959526290432,0.6022857021403265,5.786292713261247e-27,10.84712714131727,9308,55722,102,known_wake_sleep_bounded_nonwear_v3,1d66829fc177b6f02855e7e1f2f2428a
15,Race/ethnicity,NH Black,90,45,2217,0.9746114483601652,0.021922015573429543,31,0.9299012028260442,1.0193216938942862,1.2044696949151362e-29,11.25149776229275,9308,55722,102,known_wake_sleep_bounded_nonwear_v3,1d66829fc177b6f02855e7e1f2f2428a
15,Race/ethnicity,NH Black,90,60,2217,1.3346308576376031,0.027569682905523533,31,1.2784021186389027,1.3908595966363035,8.918035750623527e-31,11.611517171570199,9308,55722,102,known_wake_sleep_bounded_nonwear_v3,1d66829fc177b6f02855e7e1f2f2428a
16,Race/ethnicity,NH Asian,70,20,1072,-0.2917944434063544,0.007538551624103154,32,-0.30714997057088544,-0.2764389162418234,1.8905407680894776e-28,9.556633002281734,9308,55722,102,known_wake_sleep_bounded_nonwear_v3,1d66829fc177b6f02855e7e1f2f2428a
16,Race/ethnicity,NH Asian,70,30,1072,-0.06740070179593617,0.0028578831984827735,32,-0.07322201937464014,-0.061579384217232205,8.457696970866969e-22,9.78102674389217,9308,55722,102,known_wake_sleep_bounded_nonwear_v3,1d66829fc177b6f02855e7e1f2f2428a
16,Race/ethnicity,NH Asian,70,45,1072,0.2239200540255647,0.0076516889688103135,32,0.20833407363120912,0.23950603441992027,1.1434236802733025e-24,10.072347499713654,9308,55722,102,known_wake_sleep_bounded_nonwear_v3,1d66829fc177b6f02855e7e1f2f2428a
16,Race/ethnicity,NH Asian,70,60,1072,0.494521296800484,0.0127189212694421,32,0.4686137019739135,0.5204288916270545,1.6427993454083105e-28,10.342948742488582,9308,55722,102,known_wake_sleep_bounded_nonwear_v3,1d66829fc177b6f02855e7e1f2f2428a
16,Race/ethnicity,NH Asian,80,20,1072,-0.22679084185526097,0.006507484082062418,32,-0.24004615316404976,-0.21353553054647217,5.037112860859588e-27,9.62163660383283,9308,55722,102,known_wake_sleep_bounded_nonwear_v3,1d66829fc177b6f02855e7e1f2f2428a
16,Race/ethnicity,NH Asian,80,30,1072,0,0,32,0,0,NA,9.848427445688118,9308,55722,102,known_wake_sleep_bounded_nonwear_v3,1d66829fc177b6f02855e7e1f2f2428a
16,Race/ethnicity,NH Asian,80,45,1072,0.27402772267430536,0.007568277915036601,32,0.2586116450365946,0.2894438003120161,1.5282836038562947e-27,10.122455168362393,9308,55722,102,known_wake_sleep_bounded_nonwear_v3,1d66829fc177b6f02855e7e1f2f2428a
16,Race/ethnicity,NH Asian,80,60,1072,0.5303874536319428,0.013207127484629919,32,0.5034854152871718,0.5572894919767138,5.953125797745117e-29,10.378814899320034,9308,55722,102,known_wake_sleep_bounded_nonwear_v3,1d66829fc177b6f02855e7e1f2f2428a
16,Race/ethnicity,NH Asian,90,20,1072,0.20635655069939846,0.014180669116129937,32,0.1774714729441785,0.2352416284546184,1.1631450905858153e-15,10.054783996387492,9308,55722,102,known_wake_sleep_bounded_nonwear_v3,1d66829fc177b6f02855e7e1f2f2428a
16,Race/ethnicity,NH Asian,90,30,1072,0.535460945084417,0.02002203173883457,32,0.49467740103176844,0.5762444891370656,1.8286746347211965e-23,10.383888390772528,9308,55722,102,known_wake_sleep_bounded_nonwear_v3,1d66829fc177b6f02855e7e1f2f2428a
16,Race/ethnicity,NH Asian,90,45,1072,0.9203510737254075,0.029794437583629232,32,0.8596617903616722,0.9810403570891427,2.1463986729154305e-25,10.76877851941352,9308,55722,102,known_wake_sleep_bounded_nonwear_v3,1d66829fc177b6f02855e7e1f2f2428a
16,Race/ethnicity,NH Asian,90,60,1072,1.2561951482929876,0.036510164789611506,32,1.181826376257805,1.3305639203281703,7.514428408903566e-27,11.104622593981086,9308,55722,102,known_wake_sleep_bounded_nonwear_v3,1d66829fc177b6f02855e7e1f2f2428a
17,Race/ethnicity,Other/Multi,70,20,272,-0.27208927394576515,0.017969837418650072,29,-0.3088417180986937,-0.2353368297928366,2.6361378405506883e-15,10.010933495729905,9308,55722,102,known_wake_sleep_bounded_nonwear_v3,1d66829fc177b6f02855e7e1f2f2428a
17,Race/ethnicity,Other/Multi,70,30,272,-0.06545659022822163,0.012841618263043192,29,-0.09172064855275025,-0.03919253190369301,1.935900873100756e-5,10.217566179447445,9308,55722,102,known_wake_sleep_bounded_nonwear_v3,1d66829fc177b6f02855e7e1f2f2428a
17,Race/ethnicity,Other/Multi,70,45,272,0.20109863952230903,0.015763869174955626,29,0.16885790701098777,0.23333937203363028,2.0211590990936672e-13,10.484121409197977,9308,55722,102,known_wake_sleep_bounded_nonwear_v3,1d66829fc177b6f02855e7e1f2f2428a
17,Race/ethnicity,Other/Multi,70,60,272,0.4742988941528274,0.030091119716286308,29,0.4127556441441148,0.53584214416154,9.291621110846462e-16,10.757321663828494,9308,55722,102,known_wake_sleep_bounded_nonwear_v3,1d66829fc177b6f02855e7e1f2f2428a
17,Race/ethnicity,Other/Multi,80,20,272,-0.20968481780902098,0.013478315395808734,29,-0.23725106798254258,-0.18211856763549938,1.3062047345770054e-15,10.073337951866645,9308,55722,102,known_wake_sleep_bounded_nonwear_v3,1d66829fc177b6f02855e7e1f2f2428a
17,Race/ethnicity,Other/Multi,80,30,272,0,0,29,0,0,NA,10.283022769675673,9308,55722,102,known_wake_sleep_bounded_nonwear_v3,1d66829fc177b6f02855e7e1f2f2428a
17,Race/ethnicity,Other/Multi,80,45,272,0.2524917499489287,0.017933227072756637,29,0.21581418236063013,0.2891693175372273,1.7003339271211378e-14,10.535514519624597,9308,55722,102,known_wake_sleep_bounded_nonwear_v3,1d66829fc177b6f02855e7e1f2f2428a
17,Race/ethnicity,Other/Multi,80,60,272,0.5210024781934616,0.034942062047152715,29,0.44953793713738466,0.5924670192495385,3.919580987712937e-15,10.804025247869129,9308,55722,102,known_wake_sleep_bounded_nonwear_v3,1d66829fc177b6f02855e7e1f2f2428a
17,Race/ethnicity,Other/Multi,90,20,272,0.14494441023062796,0.02713818265792746,29,0.08944059462502303,0.2004482258362329,9.834616809713764e-6,10.427967179906291,9308,55722,102,known_wake_sleep_bounded_nonwear_v3,1d66829fc177b6f02855e7e1f2f2428a
17,Race/ethnicity,Other/Multi,90,30,272,0.4371014500330057,0.03522327322855527,29,0.36506176753302516,0.5091411325329862,3.992853756362522e-13,10.72012421970867,9308,55722,102,known_wake_sleep_bounded_nonwear_v3,1d66829fc177b6f02855e7e1f2f2428a
17,Race/ethnicity,Other/Multi,90,45,272,0.7867629736554883,0.05299624822532423,29,0.6783734758632325,0.8951524714477441,4.384979583801493e-15,11.069785743331161,9308,55722,102,known_wake_sleep_bounded_nonwear_v3,1d66829fc177b6f02855e7e1f2f2428a
17,Race/ethnicity,Other/Multi,90,60,272,1.090599370676559,0.06267615800766607,29,0.9624122344642874,1.2187865068888308,6.886350233620391e-17,11.373622140352234,9308,55722,102,known_wake_sleep_bounded_nonwear_v3,1d66829fc177b6f02855e7e1f2f2428a
