path,md5
/work/pi_jstauden_umass_edu/pctSitting_research/old/nonwear_rule_correction_20260922/outputs/final_analysis_crib_adult/parameter_sensitivity/batches/daily_001.csv,66665d49a38846f2725762efa39d1bb6
/work/pi_jstauden_umass_edu/pctSitting_research/old/nonwear_rule_correction_20260922/outputs/final_analysis_crib_adult/parameter_sensitivity/batches/daily_002.csv,9a860ea49aae5030c0ceb804ba19ad1b
/work/pi_jstauden_umass_edu/pctSitting_research/old/nonwear_rule_correction_20260922/outputs/final_analysis_crib_adult/parameter_sensitivity/batches/daily_003.csv,d350d8897670f85852e54879e4f709fd
/work/pi_jstauden_umass_edu/pctSitting_research/old/nonwear_rule_correction_20260922/outputs/final_analysis_crib_adult/parameter_sensitivity/batches/daily_004.csv,d0d27e016888431eadf1dd24933d7caf
/work/pi_jstauden_umass_edu/pctSitting_research/old/nonwear_rule_correction_20260922/outputs/final_analysis_crib_adult/parameter_sensitivity/batches/daily_005.csv,49b0a99e172f12257fa77579f262cc5a
/work/pi_jstauden_umass_edu/pctSitting_research/old/nonwear_rule_correction_20260922/outputs/final_analysis_crib_adult/parameter_sensitivity/batches/daily_006.csv,17860cc798cb54c6eb5090409511077f
/work/pi_jstauden_umass_edu/pctSitting_research/old/nonwear_rule_correction_20260922/outputs/final_analysis_crib_adult/parameter_sensitivity/batches/daily_007.csv,fd6de76adf72e7dea6980ca1aa4d9b22
/work/pi_jstauden_umass_edu/pctSitting_research/old/nonwear_rule_correction_20260922/outputs/final_analysis_crib_adult/parameter_sensitivity/batches/daily_008.csv,2af2ede21ff56885891514b7d94b122f
/work/pi_jstauden_umass_edu/pctSitting_research/old/nonwear_rule_correction_20260922/outputs/final_analysis_crib_adult/parameter_sensitivity/batches/daily_009.csv,e19777f1cbda65e71ec1ccd9de375e1b
/work/pi_jstauden_umass_edu/pctSitting_research/old/nonwear_rule_correction_20260922/outputs/final_analysis_crib_adult/parameter_sensitivity/batches/daily_010.csv,cb5ed093f0d1fb1d86bf266c30517432
/work/pi_jstauden_umass_edu/pctSitting_research/old/nonwear_rule_correction_20260922/outputs/final_analysis_crib_adult/parameter_sensitivity/batches/daily_011.csv,380015df9fc3efd3f6e061689d428246
/work/pi_jstauden_umass_edu/pctSitting_research/old/nonwear_rule_correction_20260922/outputs/final_analysis_crib_adult/parameter_sensitivity/batches/daily_012.csv,d62da2baefc54751005c30a94129ce81
/work/pi_jstauden_umass_edu/pctSitting_research/old/nonwear_rule_correction_20260922/outputs/final_analysis_crib_adult/parameter_sensitivity/batches/daily_013.csv,8110f867868d2d3275a6a6cba1aca50b
/work/pi_jstauden_umass_edu/pctSitting_research/old/nonwear_rule_correction_20260922/outputs/final_analysis_crib_adult/parameter_sensitivity/batches/daily_014.csv,1bf2db2bf4649fb21cd2e830211be3da
/work/pi_jstauden_umass_edu/pctSitting_research/old/nonwear_rule_correction_20260922/outputs/final_analysis_crib_adult/parameter_sensitivity/batches/daily_015.csv,052acf5ea1969a95113e84a5f5f0d626
/work/pi_jstauden_umass_edu/pctSitting_research/old/nonwear_rule_correction_20260922/outputs/final_analysis_crib_adult/parameter_sensitivity/batches/daily_016.csv,cf5a93a85c75ff82fb34ebc5c0445d15
/work/pi_jstauden_umass_edu/pctSitting_research/old/nonwear_rule_correction_20260922/outputs/final_analysis_crib_adult/parameter_sensitivity/batches/daily_017.csv,ea3a435d94d6f2264f17d94a3d6488ae
/work/pi_jstauden_umass_edu/pctSitting_research/old/nonwear_rule_correction_20260922/outputs/final_analysis_crib_adult/parameter_sensitivity/batches/daily_018.csv,5e2ad477132827c04a7dcad9cdcc99e8
/work/pi_jstauden_umass_edu/pctSitting_research/old/nonwear_rule_correction_20260922/outputs/final_analysis_crib_adult/parameter_sensitivity/batches/daily_019.csv,dc45c5d3a0cea6ddbb0227c23d749fec
/work/pi_jstauden_umass_edu/pctSitting_research/old/nonwear_rule_correction_20260922/outputs/final_analysis_crib_adult/parameter_sensitivity/batches/daily_020.csv,6cfa325f77fdb9be771055d0fa48de69
/work/pi_jstauden_umass_edu/pctSitting_research/old/nonwear_rule_correction_20260922/outputs/final_analysis_crib_adult/parameter_sensitivity/batches/daily_021.csv,04cc3934248e3a5b51c3925f5f1e7e22
/work/pi_jstauden_umass_edu/pctSitting_research/old/nonwear_rule_correction_20260922/outputs/final_analysis_crib_adult/parameter_sensitivity/batches/daily_022.csv,dab643f894da20d94c49626fe6ee24cb
/work/pi_jstauden_umass_edu/pctSitting_research/old/nonwear_rule_correction_20260922/outputs/final_analysis_crib_adult/parameter_sensitivity/batches/daily_023.csv,7a40144e94137983e99264def50fb4e9
/work/pi_jstauden_umass_edu/pctSitting_research/old/nonwear_rule_correction_20260922/outputs/final_analysis_crib_adult/parameter_sensitivity/batches/daily_024.csv,110a37d253201b3f38e697e98e007be3
/work/pi_jstauden_umass_edu/pctSitting_research/old/nonwear_rule_correction_20260922/outputs/final_analysis_crib_adult/parameter_sensitivity/batches/daily_025.csv,880d19e50722565d7a26de19751405ca
/work/pi_jstauden_umass_edu/pctSitting_research/old/nonwear_rule_correction_20260922/outputs/final_analysis_crib_adult/parameter_sensitivity/batches/daily_026.csv,116a93bf7cf6c1bd1d03745750246740
/work/pi_jstauden_umass_edu/pctSitting_research/old/nonwear_rule_correction_20260922/outputs/final_analysis_crib_adult/parameter_sensitivity/batches/daily_027.csv,d783af70597d4068a379f17d8186f6b3
/work/pi_jstauden_umass_edu/pctSitting_research/old/nonwear_rule_correction_20260922/outputs/final_analysis_crib_adult/parameter_sensitivity/batches/daily_028.csv,e95221e2bed2875cd531bf67a145274b
/work/pi_jstauden_umass_edu/pctSitting_research/old/nonwear_rule_correction_20260922/outputs/final_analysis_crib_adult/parameter_sensitivity/batches/daily_029.csv,b8b511743d90e1791aca26a3276299c9
/work/pi_jstauden_umass_edu/pctSitting_research/old/nonwear_rule_correction_20260922/outputs/final_analysis_crib_adult/parameter_sensitivity/batches/daily_030.csv,a873c6558dae63793f778456f4c23d36
/work/pi_jstauden_umass_edu/pctSitting_research/old/nonwear_rule_correction_20260922/outputs/final_analysis_crib_adult/parameter_sensitivity/batches/daily_031.csv,9692d041082e45a5e1c7f43cb9730459
/work/pi_jstauden_umass_edu/pctSitting_research/old/nonwear_rule_correction_20260922/outputs/final_analysis_crib_adult/parameter_sensitivity/batches/daily_032.csv,25e1d04bf574961b4c2f18b67d516468
/work/pi_jstauden_umass_edu/pctSitting_research/old/nonwear_rule_correction_20260922/outputs/final_analysis_crib_adult/parameter_sensitivity/batches/daily_033.csv,fd97b68c3d45eee06c13a0d04078835c
/work/pi_jstauden_umass_edu/pctSitting_research/old/nonwear_rule_correction_20260922/outputs/final_analysis_crib_adult/parameter_sensitivity/batches/daily_034.csv,abf8b310dcdbeb946b700deb8dc1384c
/work/pi_jstauden_umass_edu/pctSitting_research/old/nonwear_rule_correction_20260922/outputs/final_analysis_crib_adult/parameter_sensitivity/batches/daily_035.csv,f434810f2c5bb46e7b466a2e73fbe3a9
/work/pi_jstauden_umass_edu/pctSitting_research/old/nonwear_rule_correction_20260922/outputs/final_analysis_crib_adult/parameter_sensitivity/batches/daily_036.csv,844078b5f72be84428de239b2d66043a
/work/pi_jstauden_umass_edu/pctSitting_research/old/nonwear_rule_correction_20260922/outputs/final_analysis_crib_adult/parameter_sensitivity/batches/daily_037.csv,bb27d831a8f65f1de16e33d6e4031900
/work/pi_jstauden_umass_edu/pctSitting_research/old/nonwear_rule_correction_20260922/outputs/final_analysis_crib_adult/parameter_sensitivity/batches/daily_038.csv,f4924b3e80a03222a320a375e2c9be22
/work/pi_jstauden_umass_edu/pctSitting_research/old/nonwear_rule_correction_20260922/outputs/final_analysis_crib_adult/parameter_sensitivity/batches/daily_039.csv,cce89adaf3ffd265ac2cd78d916884af
/work/pi_jstauden_umass_edu/pctSitting_research/old/nonwear_rule_correction_20260922/outputs/final_analysis_crib_adult/parameter_sensitivity/batches/daily_040.csv,94cd1fd37ec9a711ef228aa721ecf5a4
/work/pi_jstauden_umass_edu/pctSitting_research/old/nonwear_rule_correction_20260922/outputs/final_analysis_crib_adult/parameter_sensitivity/batches/daily_041.csv,e70566cbe3749bf208243a4cf8c88516
/work/pi_jstauden_umass_edu/pctSitting_research/old/nonwear_rule_correction_20260922/outputs/final_analysis_crib_adult/parameter_sensitivity/batches/daily_042.csv,33aca80bc0a5db7d068c8a2cbc0145a2
/work/pi_jstauden_umass_edu/pctSitting_research/old/nonwear_rule_correction_20260922/outputs/final_analysis_crib_adult/parameter_sensitivity/batches/daily_043.csv,08481c45b8adf45b51f7eac12ad720ab
/work/pi_jstauden_umass_edu/pctSitting_research/old/nonwear_rule_correction_20260922/outputs/final_analysis_crib_adult/parameter_sensitivity/batches/daily_044.csv,e7b13e8f8fabfe50eda01e51902deee2
/work/pi_jstauden_umass_edu/pctSitting_research/old/nonwear_rule_correction_20260922/outputs/final_analysis_crib_adult/parameter_sensitivity/batches/daily_045.csv,34a69712a43cfed57ed47388cea0045e
/work/pi_jstauden_umass_edu/pctSitting_research/old/nonwear_rule_correction_20260922/outputs/final_analysis_crib_adult/parameter_sensitivity/batches/daily_046.csv,9750a4e97490a51533c14f3cc70b347b
/work/pi_jstauden_umass_edu/pctSitting_research/old/nonwear_rule_correction_20260922/outputs/final_analysis_crib_adult/parameter_sensitivity/batches/daily_047.csv,789ee98c0728b582237ca9ee0902eef4
/work/pi_jstauden_umass_edu/pctSitting_research/old/nonwear_rule_correction_20260922/outputs/final_analysis_crib_adult/parameter_sensitivity/batches/daily_048.csv,34cea13901759389a173f5f692768b75
/work/pi_jstauden_umass_edu/pctSitting_research/old/nonwear_rule_correction_20260922/outputs/final_analysis_crib_adult/parameter_sensitivity/batches/daily_049.csv,215c45384add29085b2574f55c348110
/work/pi_jstauden_umass_edu/pctSitting_research/old/nonwear_rule_correction_20260922/outputs/final_analysis_crib_adult/parameter_sensitivity/batches/daily_050.csv,7b9043b87d94d28dda659774b079b174
/work/pi_jstauden_umass_edu/pctSitting_research/old/nonwear_rule_correction_20260922/outputs/waking_time_method_comparison/crib_sensitivity_daily_batches/crib_parameter_sensitivity_daily_batch_001.csv,d21a36c71b221f25ac2ad26f5dd16b58
/work/pi_jstauden_umass_edu/pctSitting_research/old/nonwear_rule_correction_20260922/outputs/waking_time_method_comparison/crib_sensitivity_daily_batches/crib_parameter_sensitivity_daily_batch_002.csv,5e9f17c90f640a8697a928eaab1ee025
/work/pi_jstauden_umass_edu/pctSitting_research/old/nonwear_rule_correction_20260922/outputs/waking_time_method_comparison/crib_sensitivity_daily_batches/crib_parameter_sensitivity_daily_batch_003.csv,7676fcf64c0d4e38e8f639fab36de2a4
/work/pi_jstauden_umass_edu/pctSitting_research/old/nonwear_rule_correction_20260922/outputs/waking_time_method_comparison/crib_sensitivity_daily_batches/crib_parameter_sensitivity_daily_batch_004.csv,929fc0ae960e2554daed83f78b2cf2a3
/work/pi_jstauden_umass_edu/pctSitting_research/old/nonwear_rule_correction_20260922/outputs/waking_time_method_comparison/crib_sensitivity_daily_batches/crib_parameter_sensitivity_daily_batch_005.csv,c98eca53509e382f0dc9cad1240d959b
/work/pi_jstauden_umass_edu/pctSitting_research/old/nonwear_rule_correction_20260922/outputs/waking_time_method_comparison/crib_sensitivity_daily_batches/crib_parameter_sensitivity_daily_batch_006.csv,c8863cec2ec63d93d8d598ed9a0dd366
/work/pi_jstauden_umass_edu/pctSitting_research/old/nonwear_rule_correction_20260922/outputs/waking_time_method_comparison/crib_sensitivity_daily_batches/crib_parameter_sensitivity_daily_batch_007.csv,5e3ef9705335cb867db061b07505238d
/work/pi_jstauden_umass_edu/pctSitting_research/old/nonwear_rule_correction_20260922/outputs/waking_time_method_comparison/crib_sensitivity_daily_batches/crib_parameter_sensitivity_daily_batch_008.csv,085ee054a6663466ceda0de04bcaac98
/work/pi_jstauden_umass_edu/pctSitting_research/old/nonwear_rule_correction_20260922/outputs/waking_time_method_comparison/crib_sensitivity_daily_batches/crib_parameter_sensitivity_daily_batch_009.csv,9eaad2586e040e464fe87af004a226a8
/work/pi_jstauden_umass_edu/pctSitting_research/old/nonwear_rule_correction_20260922/outputs/waking_time_method_comparison/crib_sensitivity_daily_batches/crib_parameter_sensitivity_daily_batch_010.csv,8855baa25c401a043ba791cc970931b8
/work/pi_jstauden_umass_edu/pctSitting_research/old/nonwear_rule_correction_20260922/outputs/waking_time_method_comparison/crib_sensitivity_daily_batches/crib_parameter_sensitivity_daily_batch_011.csv,4654a3d4d45a556812b9e007fd369df1
/work/pi_jstauden_umass_edu/pctSitting_research/old/nonwear_rule_correction_20260922/outputs/waking_time_method_comparison/crib_sensitivity_daily_batches/crib_parameter_sensitivity_daily_batch_012.csv,150790696699ffbd6dcbc7c940b68dbc
/work/pi_jstauden_umass_edu/pctSitting_research/old/nonwear_rule_correction_20260922/outputs/waking_time_method_comparison/crib_sensitivity_daily_batches/crib_parameter_sensitivity_daily_batch_013.csv,7d3e70559d6403c077515d8b0c352100
/work/pi_jstauden_umass_edu/pctSitting_research/old/nonwear_rule_correction_20260922/outputs/waking_time_method_comparison/crib_sensitivity_daily_batches/crib_parameter_sensitivity_daily_batch_014.csv,0a2bc1eb510fdaf743c774e09a553f8e
/work/pi_jstauden_umass_edu/pctSitting_research/old/nonwear_rule_correction_20260922/outputs/waking_time_method_comparison/crib_sensitivity_daily_batches/crib_parameter_sensitivity_daily_batch_015.csv,ab4987e22bae30338c9a278a8ac2f876
/work/pi_jstauden_umass_edu/pctSitting_research/old/nonwear_rule_correction_20260922/outputs/waking_time_method_comparison/crib_sensitivity_daily_batches/crib_parameter_sensitivity_daily_batch_016.csv,2111c826cac51744cca651ad6304912c
/work/pi_jstauden_umass_edu/pctSitting_research/old/nonwear_rule_correction_20260922/outputs/waking_time_method_comparison/crib_sensitivity_daily_batches/crib_parameter_sensitivity_daily_batch_017.csv,01c86fdd6931a3d0838f3e4cad8ac626
/work/pi_jstauden_umass_edu/pctSitting_research/old/nonwear_rule_correction_20260922/outputs/waking_time_method_comparison/crib_sensitivity_daily_batches/crib_parameter_sensitivity_daily_batch_018.csv,08829c042221081ef9d150ff89846883
/work/pi_jstauden_umass_edu/pctSitting_research/old/nonwear_rule_correction_20260922/outputs/waking_time_method_comparison/crib_sensitivity_daily_batches/crib_parameter_sensitivity_daily_batch_019.csv,5067287110e54bd098ed8b318b91ecf5
/work/pi_jstauden_umass_edu/pctSitting_research/old/nonwear_rule_correction_20260922/outputs/waking_time_method_comparison/crib_sensitivity_daily_batches/crib_parameter_sensitivity_daily_batch_020.csv,fb97aed1dea22050f5bdd5c187ee9b5a
/work/pi_jstauden_umass_edu/pctSitting_research/old/nonwear_rule_correction_20260922/outputs/waking_time_method_comparison/crib_sensitivity_daily_batches/crib_parameter_sensitivity_daily_batch_021.csv,2f509a849a203f4b6f76e9ba3ac996be
/work/pi_jstauden_umass_edu/pctSitting_research/old/nonwear_rule_correction_20260922/outputs/waking_time_method_comparison/crib_sensitivity_daily_batches/crib_parameter_sensitivity_daily_batch_022.csv,bed70d7300d649951aae4dc459e5b950
/work/pi_jstauden_umass_edu/pctSitting_research/old/nonwear_rule_correction_20260922/outputs/waking_time_method_comparison/crib_sensitivity_daily_batches/crib_parameter_sensitivity_daily_batch_023.csv,89b568bda4ef3ad3fff9c0ca5916cf20
/work/pi_jstauden_umass_edu/pctSitting_research/old/nonwear_rule_correction_20260922/outputs/waking_time_method_comparison/crib_sensitivity_daily_batches/crib_parameter_sensitivity_daily_batch_024.csv,b917f9c396494ab05f975dfc6796a031
/work/pi_jstauden_umass_edu/pctSitting_research/old/nonwear_rule_correction_20260922/outputs/waking_time_method_comparison/crib_sensitivity_daily_batches/crib_parameter_sensitivity_daily_batch_025.csv,167d579b7b7f7d28060cc832968fd16e
/work/pi_jstauden_umass_edu/pctSitting_research/old/nonwear_rule_correction_20260922/outputs/waking_time_method_comparison/crib_sensitivity_daily_batches/crib_parameter_sensitivity_daily_batch_026.csv,7c9294280b85d26be7bf80990d244c42
/work/pi_jstauden_umass_edu/pctSitting_research/old/nonwear_rule_correction_20260922/outputs/waking_time_method_comparison/crib_sensitivity_daily_batches/crib_parameter_sensitivity_daily_batch_027.csv,0910d0ef4b2ea9b7755f66d408b87cd6
/work/pi_jstauden_umass_edu/pctSitting_research/old/nonwear_rule_correction_20260922/outputs/waking_time_method_comparison/crib_sensitivity_daily_batches/crib_parameter_sensitivity_daily_batch_028.csv,2274e2ac919d2cf16e6d03f70bcef953
/work/pi_jstauden_umass_edu/pctSitting_research/old/nonwear_rule_correction_20260922/outputs/waking_time_method_comparison/crib_sensitivity_daily_batches/crib_parameter_sensitivity_daily_batch_029.csv,5290e1c66d9afc6624313d961991f7e1
/work/pi_jstauden_umass_edu/pctSitting_research/old/nonwear_rule_correction_20260922/outputs/waking_time_method_comparison/crib_sensitivity_daily_batches/crib_parameter_sensitivity_daily_batch_030.csv,44bbc0445c06f36db655aab74f52a320
/work/pi_jstauden_umass_edu/pctSitting_research/old/nonwear_rule_correction_20260922/outputs/waking_time_method_comparison/crib_sensitivity_daily_batches/crib_parameter_sensitivity_daily_batch_031.csv,1915165478ecceaca4e6c3f97c032097
/work/pi_jstauden_umass_edu/pctSitting_research/old/nonwear_rule_correction_20260922/outputs/waking_time_method_comparison/crib_sensitivity_daily_batches/crib_parameter_sensitivity_daily_batch_032.csv,4fc1cb68ddbf75100a4b855749bd3590
/work/pi_jstauden_umass_edu/pctSitting_research/old/nonwear_rule_correction_20260922/outputs/waking_time_method_comparison/crib_sensitivity_daily_batches/crib_parameter_sensitivity_daily_batch_033.csv,5b32e56b80fd854f7a6cd1a2890636a9
/work/pi_jstauden_umass_edu/pctSitting_research/old/nonwear_rule_correction_20260922/outputs/waking_time_method_comparison/crib_sensitivity_daily_batches/crib_parameter_sensitivity_daily_batch_034.csv,b8c050f96587a8846dc0934d9fcdf5db
/work/pi_jstauden_umass_edu/pctSitting_research/old/nonwear_rule_correction_20260922/outputs/waking_time_method_comparison/crib_sensitivity_daily_batches/crib_parameter_sensitivity_daily_batch_035.csv,2dba074072eab2200d74b31d37f8a25e
/work/pi_jstauden_umass_edu/pctSitting_research/old/nonwear_rule_correction_20260922/outputs/waking_time_method_comparison/crib_sensitivity_daily_batches/crib_parameter_sensitivity_daily_batch_036.csv,f21ce481376b2eb77ad340a888566022
/work/pi_jstauden_umass_edu/pctSitting_research/old/nonwear_rule_correction_20260922/outputs/waking_time_method_comparison/crib_sensitivity_daily_batches/crib_parameter_sensitivity_daily_batch_037.csv,9728b2701a44569737e0b2304938c8b9
/work/pi_jstauden_umass_edu/pctSitting_research/old/nonwear_rule_correction_20260922/outputs/waking_time_method_comparison/crib_sensitivity_daily_batches/crib_parameter_sensitivity_daily_batch_038.csv,b3f3d48097c769eeb61091dd7a9bc9f4
/work/pi_jstauden_umass_edu/pctSitting_research/old/nonwear_rule_correction_20260922/outputs/waking_time_method_comparison/crib_sensitivity_daily_batches/crib_parameter_sensitivity_daily_batch_039.csv,2e1af986e6d0801cec2fee9705a24b16
/work/pi_jstauden_umass_edu/pctSitting_research/old/nonwear_rule_correction_20260922/outputs/waking_time_method_comparison/crib_sensitivity_daily_batches/crib_parameter_sensitivity_daily_batch_040.csv,b5216833f027a6f9897949ae168ad5b9
/work/pi_jstauden_umass_edu/pctSitting_research/old/nonwear_rule_correction_20260922/outputs/waking_time_method_comparison/crib_sensitivity_daily_batches/crib_parameter_sensitivity_daily_batch_041.csv,3f353bc9db8e5bf5941c0356678ca283
/work/pi_jstauden_umass_edu/pctSitting_research/old/nonwear_rule_correction_20260922/outputs/waking_time_method_comparison/crib_sensitivity_daily_batches/crib_parameter_sensitivity_daily_batch_042.csv,7265f3afe5bec40486ff2ba927b8ea30
/work/pi_jstauden_umass_edu/pctSitting_research/old/nonwear_rule_correction_20260922/outputs/waking_time_method_comparison/crib_sensitivity_daily_batches/crib_parameter_sensitivity_daily_batch_043.csv,6b90b0a2eadfe9bec6d732475e3d71a9
/work/pi_jstauden_umass_edu/pctSitting_research/old/nonwear_rule_correction_20260922/outputs/waking_time_method_comparison/crib_sensitivity_daily_batches/crib_parameter_sensitivity_daily_batch_044.csv,ee08e0ac7fa4090bedad076394641d20
/work/pi_jstauden_umass_edu/pctSitting_research/old/nonwear_rule_correction_20260922/outputs/waking_time_method_comparison/crib_sensitivity_daily_batches/crib_parameter_sensitivity_daily_batch_045.csv,b15312a6a3611901e0800a5ed1ab403d
/work/pi_jstauden_umass_edu/pctSitting_research/old/nonwear_rule_correction_20260922/outputs/waking_time_method_comparison/crib_sensitivity_daily_batches/crib_parameter_sensitivity_daily_batch_046.csv,266d6345d6931822baf6977dd907f909
/work/pi_jstauden_umass_edu/pctSitting_research/old/nonwear_rule_correction_20260922/outputs/waking_time_method_comparison/crib_sensitivity_daily_batches/crib_parameter_sensitivity_daily_batch_047.csv,7088355e02fbdf0467ef8b580b32b2d9
/work/pi_jstauden_umass_edu/pctSitting_research/old/nonwear_rule_correction_20260922/outputs/waking_time_method_comparison/crib_sensitivity_daily_batches/crib_parameter_sensitivity_daily_batch_048.csv,09cb1d42d45f2b76dabd092e9f450251
/work/pi_jstauden_umass_edu/pctSitting_research/old/nonwear_rule_correction_20260922/outputs/waking_time_method_comparison/crib_sensitivity_daily_batches/crib_parameter_sensitivity_daily_batch_049.csv,0307f28d6f99f4558d29237496b8901c
/work/pi_jstauden_umass_edu/pctSitting_research/old/nonwear_rule_correction_20260922/outputs/waking_time_method_comparison/crib_sensitivity_daily_batches/crib_parameter_sensitivity_daily_batch_050.csv,80b632066e37e363e4c940551a647b3f
