Analysis group,Measure,Mean (h/day),SE,95% CI
Pooled,Mean sedentary time,11.3492,0.0444,11.26-11.44
Pooled,Waking time,17.0905,0.0525,16.99-17.19
Pooled,Sleep/non-wear time,6.9095,0.0525,6.81-7.01
2011-2012 cycle,Mean sedentary time,11.4564,0.0606,11.34-11.58
2011-2012 cycle,Waking time,17.2687,0.0668,17.14-17.40
2011-2012 cycle,Sleep/non-wear time,6.7313,0.0668,6.60-6.86
2013-2014 cycle,Mean sedentary time,11.2461,0.0656,11.12-11.37
2013-2014 cycle,Waking time,16.9191,0.0832,16.76-17.08
2013-2014 cycle,Sleep/non-wear time,7.0809,0.0832,6.92-7.24
